R1,mean,count
C[*:1],7.419999999999999,3
[H][*:1],7.087524752475248,101
FC(F)(F)[*:1],6.953333333333333,3
