mol_id,chembl_id,exp_ic50_nM,exp_pIC50,pred_IC50_uM,pred_pIC50,p_bind
mol_0001,CHEMBL526110,0.3,9.52,0.0003917173027605572,9.407027244567871,0.9199930429458618
mol_0002,CHEMBL317703,0.33,9.48,0.0025396323536647607,8.595229148864746,0.9504203796386719
mol_0003,CHEMBL321517,0.34,9.47,0.026871311543647535,7.570711135864258,0.8763309717178345
mol_0004,CHEMBL388978,0.36,9.44,0.0017906855657294344,8.746980667114258,0.7726815938949585
mol_0005,CHEMBL476577,0.5,9.3,0.009091066324514136,8.041385173797607,0.8820602893829346
mol_0006,CHEMBL1964259,0.54,9.27,0.0007253140411038439,9.139473915100098,0.8851566910743713
mol_0007,CHEMBL4088242,0.8,9.1,0.035326294676631974,7.451901912689209,0.6601347923278809
mol_0008,CHEMBL3919361,0.857,9.07,0.057535937469871144,7.240060806274414,0.701391339302063
mol_0009,CHEMBL509406,1.0,9.0,0.007319106794962038,8.135541915893555,0.8111245632171631
mol_0010,CHEMBL559513,1.0,9.0,0.007371641415825635,8.13243579864502,0.8785057663917542
mol_0012,CHEMBL73303,1.0,9.0,0.0015684229212499681,8.804536819458008,0.954349160194397
mol_0013,CHEMBL4292930,1.0,9.0,0.0081531146105625,8.088676452636719,0.974620521068573
mol_0014,CHEMBL478409,1.0,9.0,0.019369373506167922,7.712884426116943,0.9037330150604248
mol_0015,CHEMBL5266005,1.0,9.0,0.001779642760876145,8.749667167663574,0.9700394868850708
mol_0016,CHEMBL2103840,1.0,9.0,0.0022076258770343483,8.656074523925781,0.970037579536438
mol_0017,CHEMBL5171657,1.0,9.0,0.0034644380294248,8.460367202758789,0.9671608209609985
mol_0018,CHEMBL1171950,1.0,9.0,0.011445223227775695,7.941375732421875,0.8824530839920044
mol_0019,CHEMBL4462530,1.0,9.0,0.019221182310577664,7.716219902038574,0.7656997442245483
mol_0020,CHEMBL3890528,1.08,8.97,0.007577636489747239,8.120466232299805,0.6532480120658875
mol_0021,CHEMBL318999,1.1,8.96,0.03332951974188103,7.477170944213867,0.7615927457809448
mol_0022,CHEMBL5201870,1.1,8.96,0.5320099116314552,6.274080276489258,0.72152179479599
mol_0023,CHEMBL411224,1.2,8.92,0.0013478972637413272,8.870343208312988,0.9388368129730225
mol_0024,CHEMBL270544,1.5,8.82,0.0016624292796477067,8.779256820678711,0.9077933430671692
mol_0027,CHEMBL271136,1.7,8.77,0.007092402294992523,8.149206638336182,0.8009437918663025
mol_0028,CHEMBL429142,1.9,8.72,0.08295199178621414,7.0811731815338135,0.778377890586853
mol_0029,CHEMBL191003,2.0,8.7,0.004616576027351184,8.33568000793457,0.9459118843078613
mol_0030,CHEMBL487067,2.0,8.7,0.00867813685276374,8.061573505401611,0.9225794672966003
mol_0031,CHEMBL454648,2.0,8.7,0.013958747114215827,7.855153560638428,0.8805259466171265
mol_0032,CHEMBL455657,2.0,8.7,0.0007097754092615705,9.148879051208496,0.9544174671173096
mol_0033,CHEMBL3648116,2.0,8.7,0.000584629854445652,9.233119010925293,0.9391838312149048
mol_0034,CHEMBL259838,2.0,8.7,0.14916377909267522,6.826336622238159,0.49615347385406494
mol_0035,CHEMBL359794,2.0,8.7,0.0007155264656080835,9.145374298095703,0.9087849855422974
mol_0036,CHEMBL194721,2.0,8.7,0.0012003648737749569,8.920686721801758,0.9223935604095459
mol_0037,CHEMBL260416,2.0,8.7,0.10125403527580781,6.994587659835815,0.49519598484039307
mol_0038,CHEMBL3648117,2.0,8.7,0.0008108246883363881,9.091073036193848,0.9380807876586914
mol_0039,CHEMBL3298985,2.0,8.7,0.019026811533927768,7.7206339836120605,0.49764350056648254
mol_0040,CHEMBL560817,2.0,8.7,0.013671647919094459,7.8641791343688965,0.8957275152206421
mol_0041,CHEMBL559845,2.0,8.7,0.005874997454854351,8.230992317199707,0.8876960277557373
mol_0042,CHEMBL3298199,2.0,8.7,0.03543117439691691,7.4506144523620605,0.5740006566047668
mol_0043,CHEMBL192602,2.0,8.7,0.32874474258603986,6.483141183853149,0.7625604867935181
mol_0044,CHEMBL462385,2.0,8.7,0.003644779477299001,8.438328742980957,0.9197738766670227
mol_0045,CHEMBL460102,2.0,8.7,0.00258496463042489,8.587545394897461,0.9426700472831726
mol_0046,CHEMBL488257,2.0,8.7,0.039040043766485046,7.40848970413208,0.7925430536270142
mol_0048,CHEMBL462192,2.0,8.7,0.0031594387995405133,8.50039005279541,0.93373703956604
mol_0049,CHEMBL453862,2.0,8.7,0.015331546891961466,7.814414024353027,0.9028118848800659
mol_0050,CHEMBL190446,2.0,8.7,0.39630962527468605,6.401965379714966,0.6498635411262512
mol_0051,CHEMBL411887,2.0,8.7,0.024120441558276983,7.61761474609375,0.5678268074989319
mol_0052,CHEMBL495696,2.0,8.7,0.0005396710195508833,9.267870903015137,0.9133343696594238
mol_0053,CHEMBL460087,2.0,8.7,0.0026171008207160995,8.582179546356201,0.938247799873352
mol_0055,CHEMBL178769,2.0,8.7,0.0008411073296171998,9.075148582458496,0.8890573978424072
mol_0056,CHEMBL409731,2.1,8.68,0.04727438345623139,7.325374126434326,0.7620092630386353
mol_0059,CHEMBL4568087,2.2,8.66,0.014231516187356378,7.8467488288879395,0.5462242364883423
mol_0061,CHEMBL5095094,2.4,8.62,0.008102551274744425,8.091378211975098,0.6907534003257751
mol_0062,CHEMBL4077071,2.47,8.61,0.0008329858183556213,9.079362392425537,0.8782787919044495
mol_0064,CHEMBL411426,2.5,8.6,0.0002939375317694996,9.531744956970215,0.9647048115730286
mol_0065,CHEMBL1794055,2.8,8.55,0.0024412397649096343,8.61238956451416,0.858018159866333
mol_0067,CHEMBL5568620,2.8,8.55,0.009498424960703801,8.022348403930664,0.617906391620636
mol_0068,CHEMBL453629,3.0,8.52,0.008343963845810091,8.078627586364746,0.8575823307037354
mol_0069,CHEMBL478407,3.0,8.52,0.05824879191079145,7.234713077545166,0.7625388503074646
mol_0070,CHEMBL518383,3.0,8.52,0.41968469890868115,6.377076864242554,0.734900712966919
mol_0071,CHEMBL455195,3.0,8.52,0.003929117575253544,8.405704975128174,0.8861157894134521
mol_0073,CHEMBL4644434,3.0,8.52,0.018729585729672454,7.727471828460693,0.9601614475250244
mol_0074,CHEMBL488084,3.0,8.52,0.010825659066742186,7.965545654296875,0.8756250143051147
mol_0075,CHEMBL497564,3.0,8.52,0.0016866335716655058,8.772979259490967,0.8688421249389648
mol_0076,CHEMBL477785,3.0,8.52,0.004583479340595738,8.338804721832275,0.875848650932312
mol_0077,CHEMBL3644026,3.0,8.52,0.0004398608561910003,9.356684684753418,0.9687559604644775
mol_0078,CHEMBL3648109,3.0,8.52,0.00030506250230186486,9.515611171722412,0.9683772325515747
mol_0079,CHEMBL188938,3.0,8.52,0.0007895382950167486,9.10262680053711,0.9055987596511841
mol_0080,CHEMBL401303,3.0,8.52,0.00047772005050249487,9.320826530456543,0.9492325782775879
mol_0081,CHEMBL269883,3.0,8.52,0.005929796887758437,8.226960182189941,0.8015084266662598
mol_0082,CHEMBL1234833,3.0,8.52,0.017806278359208207,7.74942684173584,0.9511395692825317
mol_0083,CHEMBL453655,3.0,8.52,0.006344212200791083,8.197622299194336,0.9088614583015442
mol_0084,CHEMBL508129,3.0,8.52,0.013884125170933397,7.857481479644775,0.8845822811126709
mol_0085,CHEMBL311464,3.0,8.52,0.056652879500072265,7.2467780113220215,0.5541476011276245
mol_0086,CHEMBL2163996,3.0,8.52,0.08177441482139107,7.087382555007935,0.6641709208488464
mol_0087,CHEMBL1944698,3.0,8.52,0.030993834560044994,7.508724689483643,0.8222519159317017
mol_0088,CHEMBL490481,2.999,8.52,0.11469577606789419,6.940452575683594,0.5272991061210632
mol_0089,CHEMBL3545083,3.0,8.52,0.0077930663534918785,8.108291625976562,0.7113044857978821
mol_0091,CHEMBL2163995,3.4,8.47,0.009271881112560523,8.032832145690918,0.7598835229873657
mol_0092,CHEMBL215803,3.4,8.47,0.06745406121505529,7.170991897583008,0.7276914119720459
mol_0093,CHEMBL271160,3.4,8.47,0.000497308302212361,9.303374290466309,0.9629393815994263
mol_0094,CHEMBL1964251,3.6,8.44,0.0005284760641857317,9.27697467803955,0.9347941875457764
mol_0095,CHEMBL3648095,4.0,8.4,0.0002947804207068063,9.530501365661621,0.9523833990097046
mol_0096,CHEMBL3648111,4.0,8.4,0.0002084194547086078,9.681061744689941,0.9658104181289673
mol_0098,CHEMBL3357950,4.0,8.4,0.03340634664473462,7.476171016693115,0.4028521776199341
mol_0099,CHEMBL3648113,4.0,8.4,0.0003800574439106301,9.420150756835938,0.9127013683319092
mol_0100,CHEMBL3648108,4.0,8.4,0.00042313983974075035,9.373516082763672,0.9520671963691711
mol_0101,CHEMBL485618,4.0,8.4,0.011897132931130944,7.924557685852051,0.8854289054870605
mol_0102,CHEMBL2163997,4.0,8.4,0.12095702905288191,6.9173688888549805,0.763016939163208
mol_0103,CHEMBL3648122,4.0,8.4,0.00039677135085981004,9.401459693908691,0.940952479839325
mol_0104,CHEMBL3648112,4.0,8.4,0.00022222488898064746,9.653207302093506,0.9723082780838013
mol_0105,CHEMBL178179,4.0,8.4,0.0030597592463296247,8.514312744140625,0.8659635186195374
mol_0106,CHEMBL3648118,4.0,8.4,0.00036055343930879345,9.44303035736084,0.9663060903549194
mol_0107,CHEMBL60541,4.0,8.4,0.011473507332034288,7.940303802490234,0.6634752154350281
mol_0108,CHEMBL3648106,4.0,8.4,0.0011313785501431866,8.946392059326172,0.90924471616745
mol_0109,CHEMBL4741442,4.0,8.4,0.0007553422670186955,9.121856212615967,0.935608983039856
mol_0110,CHEMBL3648076,4.0,8.4,0.0005180653615390413,9.28561544418335,0.921368420124054
mol_0111,CHEMBL518826,4.0,8.4,0.01677355475134989,7.775374889373779,0.8186013698577881
mol_0112,CHEMBL3648096,4.0,8.4,0.00033714170664527306,9.472187519073486,0.945830225944519
mol_0113,CHEMBL23327,4.0,8.4,0.0758817684202477,7.1198625564575195,0.7092281579971313
mol_0114,CHEMBL5188322,4.0,8.4,0.005926360250919663,8.227211952209473,0.7720506191253662
mol_0115,CHEMBL3648107,4.0,8.4,0.0004519653220631844,9.344894886016846,0.9489349722862244
mol_0116,CHEMBL468963,4.0,8.4,0.007986414677056153,8.09764814376831,0.6558732390403748
mol_0117,CHEMBL293068,4.0,8.4,0.1690660596327117,6.77194356918335,0.6726531386375427
mol_0118,CHEMBL73243,4.0,8.4,0.0003880248664463022,9.411140441894531,0.9583421945571899
mol_0119,CHEMBL489477,3.999,8.4,0.14609542358297606,6.835363388061523,0.5834157466888428
mol_0120,CHEMBL514197,4.1,8.39,0.5623320638581469,6.250007152557373,0.3065747916698456
mol_0121,CHEMBL1964244,4.3,8.37,0.004484291344422113,8.34830617904663,0.8328042030334473
mol_0122,CHEMBL3655762,4.5,8.35,0.009712070807881163,8.012688159942627,0.9333798885345459
mol_0124,CHEMBL410883,4.5,8.35,0.003697427814767436,8.432100296020508,0.897149920463562
mol_0125,CHEMBL272667,4.6,8.34,0.002417643905137107,8.616607666015625,0.9005141258239746
mol_0127,CHEMBL314397,4.6,8.34,0.0073264795846851825,8.135104656219482,0.6951614618301392
mol_0128,CHEMBL1964246,4.7,8.33,0.001459014603977204,8.83594036102295,0.8888328075408936
mol_0129,CHEMBL3648123,5.0,8.3,0.0007973044769831463,9.098375797271729,0.9411242604255676
mol_0130,CHEMBL481562,5.0,8.3,0.09437191911214816,7.02515721321106,0.5283428430557251
mol_0131,CHEMBL500804,5.0,8.3,4.052014794977765,5.392328977584839,0.6942965984344482
mol_0132,CHEMBL1241849,5.0,8.3,0.08705793642996779,7.060191631317139,0.6409345865249634
mol_0133,CHEMBL452601,5.0,8.3,0.0024044395903444478,8.618986129760742,0.9289003610610962
mol_0134,CHEMBL72509,5.0,8.3,0.021708049721668902,7.663379192352295,0.8084379434585571
mol_0135,CHEMBL123368,5.0,8.3,0.14868648342261337,6.827728509902954,0.7342019081115723
mol_0136,CHEMBL70824,5.0,8.3,0.003617608886147268,8.441578388214111,0.8812764883041382
mol_0137,CHEMBL4579344,5.0,8.3,0.09389437181232067,7.027360439300537,0.8685152530670166
mol_0138,CHEMBL3109950,5.0,8.3,0.001108527314948705,8.955253601074219,0.9444884061813354
mol_0139,CHEMBL4764173,5.0,8.3,0.01149659642854802,7.9394307136535645,0.9341452121734619
mol_0140,CHEMBL260163,5.0,8.3,0.5220139670577821,6.282317876815796,0.6074278354644775
mol_0141,CHEMBL5195030,5.0,8.3,0.019000674418299383,7.721230983734131,0.9321412444114685
mol_0142,CHEMBL427909,5.0,8.3,0.4609674940740695,6.336329698562622,0.5186172723770142
mol_0143,CHEMBL415471,5.0,8.3,0.34487165352375254,6.4623425006866455,0.6466426253318787
mol_0144,CHEMBL72548,5.0,8.3,0.0009909979798236072,9.003927230834961,0.9482213258743286
mol_0145,CHEMBL79498,5.0,8.3,0.024424033266231084,7.6121826171875,0.5156564116477966
mol_0146,CHEMBL260417,5.0,8.3,0.281967857264328,6.549800395965576,0.48234522342681885
mol_0147,CHEMBL3354186,5.0,8.3,0.01730608200022078,7.761801242828369,0.8009547591209412
mol_0148,CHEMBL4095226,5.5,8.26,0.009177173661900144,8.037291049957275,0.8338388204574585
mol_0150,CHEMBL1964242,5.6,8.25,0.0016236025933196617,8.789520263671875,0.8540596961975098
mol_0154,CHEMBL488436,6.0,8.22,0.0063410784193056275,8.197836875915527,0.8999238014221191
mol_0155,CHEMBL520353,6.0,8.22,0.012928025834719085,7.888467788696289,0.9000759124755859
mol_0156,CHEMBL3642650,6.0,8.22,0.0005815721683567421,9.235396385192871,0.9494297504425049
mol_0157,CHEMBL3648072,6.0,8.22,0.0006363410740804123,9.196310043334961,0.940760612487793
mol_0158,CHEMBL3644024,6.0,8.22,0.000732079456482368,9.135441780090332,0.937965989112854
mol_0159,CHEMBL510436,6.0,8.22,0.04409314055042344,7.355628967285156,0.805953860282898
mol_0160,CHEMBL3644032,6.0,8.22,0.0008706443651852795,9.06015920639038,0.9357866048812866
mol_0161,CHEMBL3648110,6.0,8.22,0.00032145213734851273,9.492883682250977,0.9662125110626221
mol_0162,CHEMBL6020156,6.02,8.22,0.0004530041498439211,9.343897819519043,0.7887574434280396
mol_0163,CHEMBL103355,6.0,8.22,0.001149387023101879,8.939533710479736,0.9151127934455872
mol_0164,CHEMBL3648114,6.0,8.22,0.00038102929429988667,9.419041633605957,0.9124611020088196
mol_0165,CHEMBL3648115,6.0,8.22,0.0008882719186410672,9.051454067230225,0.901178240776062
mol_0166,CHEMBL476993,6.0,8.22,0.002882366634062794,8.540250778198242,0.8631100654602051
mol_0167,CHEMBL3648119,6.0,8.22,0.00044335770956597376,9.353245735168457,0.961449384689331
mol_0168,CHEMBL1241567,6.0,8.22,0.08672897907750356,7.061835765838623,0.6112841367721558
mol_0169,CHEMBL460103,6.0,8.22,0.002113676082224509,8.674961566925049,0.9506571888923645
mol_0170,CHEMBL4562323,6.4,8.19,0.28214592708706565,6.549526214599609,0.6110050082206726
mol_0171,CHEMBL6002674,6.68,8.18,0.00024923242203318564,9.603395462036133,0.8110687136650085
mol_0172,CHEMBL410072,6.8,8.17,0.0016188498938259261,8.790793418884277,0.9074617624282837
mol_0173,CHEMBL2158843,6.7,8.17,0.008208561628427721,8.08573293685913,0.8525588512420654
mol_0174,CHEMBL360573,7.0,8.15,0.003014025743445105,8.520853042602539,0.8775720596313477
mol_0175,CHEMBL256558,7.0,8.15,0.0767634501040893,7.114845514297485,0.785094141960144
mol_0176,CHEMBL402158,7.0,8.15,0.04910679669023325,7.308858394622803,0.7475081086158752
mol_0177,CHEMBL191336,7.0,8.15,0.016415669445067168,7.784741401672363,0.7615526914596558
mol_0178,CHEMBL150261,7.0,8.15,0.030654824400063906,7.513501167297363,0.8614048957824707
mol_0179,CHEMBL402370,7.0,8.15,0.05982380957339787,7.22312593460083,0.7997574806213379
mol_0180,CHEMBL3648094,7.0,8.15,0.0005167048414276757,9.286757469177246,0.9507105350494385
mol_0181,CHEMBL3648125,7.0,8.15,0.00046325144631859447,9.33418321609497,0.9472759962081909
mol_0182,CHEMBL495557,7.0,8.15,0.0017079992613185122,8.767512321472168,0.9704376459121704
mol_0183,CHEMBL3084839,7.0,8.15,0.02843998901337593,7.546070575714111,0.6975395083427429
mol_0184,CHEMBL3648083,7.0,8.15,0.0006807046201012748,9.167041301727295,0.9162944555282593
mol_0186,CHEMBL312726,7.0,8.15,0.013028656537154655,7.885100364685059,0.6540484428405762
mol_0187,CHEMBL3639469,7.0,8.15,0.0005219552225416896,9.282366752624512,0.9453606009483337
mol_0188,CHEMBL5994315,7.34,8.13,0.0004510615831181854,9.34576416015625,0.8271771669387817
mol_0189,CHEMBL5800538,7.34,8.13,0.0003379106797922069,9.471198081970215,0.8527398705482483
mol_0191,CHEMBL4756353,7.8,8.11,0.001603134214229727,8.795030117034912,0.7725255489349365
mol_0192,CHEMBL515001,8.0,8.1,0.011224995025869837,7.9498138427734375,0.8533146381378174
mol_0193,CHEMBL485240,8.0,8.1,0.008452223232181718,8.073029041290283,0.8717755079269409
mol_0194,CHEMBL478828,8.0,8.1,0.03980952814748811,7.400012969970703,0.8117114305496216
mol_0195,CHEMBL411425,7.9,8.1,0.0005368520103360729,9.270145416259766,0.9565781950950623
mol_0196,CHEMBL520187,8.0,8.1,0.0046419744674105175,8.33329725265503,0.9117138385772705
mol_0197,CHEMBL359554,8.0,8.1,0.0009965495941780386,9.001501083374023,0.9527852535247803
mol_0198,CHEMBL484571,8.0,8.1,0.007051993463712076,8.15168809890747,0.8670007586479187
mol_0199,CHEMBL367150,8.0,8.1,0.002093535902279724,8.67911958694458,0.9230314493179321
mol_0200,CHEMBL488085,8.0,8.1,0.030506886633949515,7.515602111816406,0.9006967544555664
mol_0201,CHEMBL3648102,8.0,8.1,0.0014734258510356634,8.831671714782715,0.9254674315452576
mol_0202,CHEMBL3648128,8.0,8.1,0.0032878896168524103,8.48308277130127,0.9129757285118103
mol_0203,CHEMBL3644033,8.0,8.1,0.001275693284219518,8.894253730773926,0.9320694208145142
mol_0204,CHEMBL3648074,8.0,8.1,0.000673484578696552,9.171672344207764,0.9389771223068237
mol_0205,CHEMBL1230607,8.0,8.1,0.008368092946383906,8.077373504638672,0.9479540586471558
mol_0206,CHEMBL3648082,8.0,8.1,0.0004124404135843322,9.384638786315918,0.9325220584869385
mol_0207,CHEMBL334285,8.0,8.1,0.009444370076589024,8.024827003479004,0.7055744528770447
mol_0208,CHEMBL6020742,8.43,8.07,0.0003940094771593441,9.40449333190918,0.853894829750061
mol_0209,CHEMBL5794081,8.43,8.07,0.00042133273840211957,9.375374794006348,0.7720825672149658
mol_0210,CHEMBL5583697,8.5,8.07,0.00040073089037471544,9.397147178649902,0.9721757173538208
mol_0211,CHEMBL4282338,9.0,8.05,0.0009350415661867607,9.029169082641602,0.9487773180007935
mol_0212,CHEMBL508739,9.0,8.05,0.008029673658170209,8.095302104949951,0.8818769454956055
mol_0213,CHEMBL254979,9.0,8.05,0.020803810584209343,7.681857109069824,0.8110579252243042
mol_0214,CHEMBL3648120,9.0,8.05,0.0005141706162644999,9.28889274597168,0.9529625773429871
mol_0215,CHEMBL3775792,9.0,8.05,0.009240071972003659,8.034324645996094,0.826596736907959
mol_0216,CHEMBL362560,9.0,8.05,0.3252205232232784,6.48782205581665,0.6193819046020508
mol_0217,CHEMBL23254,9.0,8.05,0.006440271423808642,8.19109582901001,0.7354339361190796
mol_0218,CHEMBL255718,9.0,8.05,0.01061701441654856,7.973997592926025,0.874690055847168
mol_0219,CHEMBL2158844,8.9,8.05,0.04631171872748703,7.334309101104736,0.8225321173667908
mol_0220,CHEMBL3648121,9.0,8.05,0.0005230486662462338,9.281457901000977,0.9485557675361633
mol_0221,CHEMBL3298418,9.0,8.05,0.0533003850786094,7.2732696533203125,0.5212027430534363
mol_0222,CHEMBL514690,9.0,8.05,0.037917923607553264,7.4211554527282715,0.8305544853210449
mol_0223,CHEMBL3648084,9.0,8.05,0.0012984429438784974,8.886577129364014,0.8971518278121948
mol_0224,CHEMBL58224,9.0,8.05,0.0015819040072168867,8.800819873809814,0.826888918876648
mol_0225,CHEMBL1234087,8.9,8.05,0.12198169140958565,6.913705348968506,0.6875298619270325
mol_0226,CHEMBL455467,9.0,8.05,0.01913048072691795,7.718274116516113,0.8809542059898376
mol_0227,CHEMBL408210,8.9,8.05,0.00937649773886571,8.02795934677124,0.8656485080718994
mol_0228,CHEMBL4442620,9.0,8.05,0.0008610569785169282,9.06496810913086,0.9454748034477234
mol_0229,CHEMBL294884,9.0,8.05,0.006842211507837713,8.164803504943848,0.6446355581283569
mol_0231,CHEMBL496785,9.0,8.05,0.015586805987195597,7.8072428703308105,0.872535228729248
mol_0232,CHEMBL5287128,9.0,8.05,0.0013629292868367834,8.865526676177979,0.9348028302192688
mol_0233,CHEMBL490480,8.995,8.05,0.29896117114908366,6.524385213851929,0.5380859375
mol_0234,CHEMBL291324,9.0,8.05,1156.0518525629961,2.9370226860046387,0.26998844742774963
mol_0235,CHEMBL103104,9.1,8.04,0.0017505731980371785,8.756819725036621,0.9633110761642456
mol_0237,CHEMBL2112297,9.5,8.02,0.002282405028418308,8.641607284545898,0.8688540458679199
mol_0239,CHEMBL4788136,9.86,8.01,0.0007523055605485364,9.123605728149414,0.9397299289703369
mol_0240,CHEMBL1276446,9.7,8.01,0.005764488593365497,8.23923921585083,0.8865563273429871
mol_0241,CHEMBL3298678,10.0,8.0,0.0599666455518527,7.222090244293213,0.5680840611457825
mol_0242,CHEMBL1171948,10.0,8.0,0.660547917024378,6.180095672607422,0.8191897869110107
mol_0243,CHEMBL257831,10.0,8.0,0.012567278999047358,7.900758743286133,0.8645239472389221
mol_0245,CHEMBL189963,10.0,8.0,1.2194111712972089,5.913849830627441,0.28988662362098694
mol_0246,CHEMBL404504,10.0,8.0,0.07090253364236662,7.149338245391846,0.7329213619232178
mol_0247,CHEMBL3648073,10.0,8.0,0.0015552564990808928,8.808197975158691,0.9337613582611084
mol_0248,CHEMBL319903,10.0,8.0,0.010917426323960488,7.961879730224609,0.8321704864501953
mol_0249,CHEMBL189934,10.0,8.0,1.5148283232443744,5.819636583328247,0.13869766891002655
mol_0250,CHEMBL3354187,10.0,8.0,0.01761077873827716,7.754221439361572,0.7626893520355225
mol_0251,CHEMBL255262,10.0,8.0,0.056119777940788415,7.250884056091309,0.7888047695159912
mol_0252,CHEMBL403605,10.0,8.0,0.05410130021722612,7.266792297363281,0.7874472141265869
mol_0253,CHEMBL178785,10.0,8.0,0.0005639687440084938,9.24874496459961,0.9333692789077759
mol_0254,CHEMBL415789,10.0,8.0,0.09094176127859807,7.041236639022827,0.7584435939788818
mol_0255,CHEMBL402157,10.0,8.0,0.10943300643539355,6.960851669311523,0.776542067527771
mol_0256,CHEMBL4173631,10.0,8.0,0.014108747110121406,7.85051155090332,0.8462188243865967
mol_0257,CHEMBL102926,10.0,8.0,0.06792808476476926,7.167950630187988,0.8841270208358765
mol_0258,CHEMBL5774332,10.3,7.99,0.00099906607401004,9.00040578842163,0.7711629867553711
mol_0259,CHEMBL5886747,10.3,7.99,0.0006841445279643819,9.164852142333984,0.8371376991271973
mol_0260,CHEMBL6017199,10.4,7.98,0.0019491937194386112,8.710144996643066,0.6655844449996948
mol_0261,CHEMBL4641226,10.8,7.97,0.0018269568359427502,8.738271713256836,0.8918223977088928
mol_0262,CHEMBL421578,10.7,7.97,0.002090295067869719,8.679792404174805,0.9359047412872314
mol_0263,CHEMBL319103,10.7,7.97,0.003963925264713547,8.401874542236328,0.8685110807418823
mol_0264,CHEMBL181114,11.0,7.96,0.005535312291996977,8.256857872009277,0.8179827332496643
mol_0265,CHEMBL3648104,11.0,7.96,0.001146854501776086,8.940491676330566,0.9320844411849976
mol_0266,CHEMBL453895,11.0,7.96,0.013792748640571947,7.860349178314209,0.795609712600708
mol_0267,CHEMBL3644023,11.0,7.96,0.0012904314517032608,8.889265060424805,0.907608687877655
mol_0268,CHEMBL4644893,11.0,7.96,0.0007082278431226832,9.149827003479004,0.8739489316940308
mol_0269,CHEMBL484738,11.0,7.96,0.003719031029999312,8.429570198059082,0.9454731941223145
mol_0270,CHEMBL3642647,11.0,7.96,0.0017907563466483378,8.746963500976562,0.9155700206756592
mol_0271,CHEMBL3648089,11.0,7.96,0.001436418275279021,8.842719078063965,0.8845211267471313
mol_0272,CHEMBL3298982,11.0,7.96,0.05008041632952719,7.300332069396973,0.5888873934745789
mol_0275,CHEMBL4777844,11.5,7.94,0.0007569720056736007,9.120920181274414,0.9305580854415894
mol_0277,CHEMBL82767,12.0,7.92,0.01742938191140958,7.758718013763428,0.6972869634628296
mol_0278,CHEMBL432491,12.0,7.92,0.03497497708805556,7.456242561340332,0.539309024810791
mol_0279,CHEMBL3648085,12.0,7.92,0.0006076690084067909,9.216332912445068,0.921220600605011
mol_0280,CHEMBL456963,12.0,7.92,0.13436122784162285,6.871726036071777,0.714160144329071
mol_0281,CHEMBL4569508,12.0,7.92,0.034476205042654605,7.462480545043945,0.28887391090393066
mol_0282,CHEMBL260103,12.0,7.92,0.005772462524811202,8.238638877868652,0.9080789089202881
mol_0283,CHEMBL3644027,12.0,7.92,0.003848663865044283,8.414690017700195,0.9047561287879944
mol_0284,CHEMBL309573,12.0,7.92,0.002038892646729404,8.690605640411377,0.9162993431091309
mol_0286,CHEMBL3298310,12.0,7.92,0.06085135966413352,7.215729713439941,0.4327825903892517
mol_0287,CHEMBL3644034,12.0,7.92,0.0017852222667366286,8.748307704925537,0.94706791639328
mol_0288,CHEMBL1171949,12.0,7.92,0.031972666819105114,7.495221138000488,0.7020301818847656
mol_0289,CHEMBL4758168,11.9,7.92,0.0005180431782649995,9.28563404083252,0.8985810279846191
mol_0290,CHEMBL3644021,12.0,7.92,0.0011639099992391407,8.934080600738525,0.8718059062957764
mol_0291,CHEMBL311992,12.0,7.92,0.02634852692691067,7.5792436599731445,0.795744776725769
mol_0292,CHEMBL1081263,12.4,7.91,0.10861543175577124,6.964108467102051,0.36553114652633667
mol_0293,CHEMBL103115,12.6,7.9,0.0010248958198851449,8.989320278167725,0.9384978413581848
mol_0294,CHEMBL411490,13.0,7.89,0.004802665228742178,8.318517684936523,0.8445560932159424
mol_0295,CHEMBL405145,13.0,7.89,0.6341792088921641,6.1977880001068115,0.551802396774292
mol_0298,CHEMBL148580,13.0,7.89,0.18602040067727224,6.7304394245147705,0.6607552766799927
mol_0299,CHEMBL3298984,13.0,7.89,0.05999338290243392,7.221896648406982,0.7019591331481934
mol_0300,CHEMBL5267773,13.0,7.89,2.95093886807086,5.5300397872924805,0.1287091225385666
mol_0301,CHEMBL1964258,13.0,7.89,0.0013998913248195832,8.85390567779541,0.8644919395446777
mol_0302,CHEMBL3298309,13.0,7.89,0.09495333303143756,7.022489786148071,0.3772701621055603
mol_0303,CHEMBL515839,13.0,7.89,0.051450267167233485,7.288612365722656,0.8823375701904297
mol_0304,CHEMBL5979303,13.1,7.88,0.0005228901874517495,9.28158950805664,0.7520860433578491
mol_0305,CHEMBL473631,13.3,7.88,0.159299961756579,6.797784328460693,0.3385624289512634
mol_0306,CHEMBL4213219,13.5,7.87,0.0009751830658807648,9.010913848876953,0.7974783778190613
mol_0307,CHEMBL5844694,13.4,7.87,0.0008879472079745984,9.051612854003906,0.7713478803634644
mol_0308,CHEMBL556881,14.0,7.85,0.004702491241075119,8.327672004699707,0.8914283514022827
mol_0309,CHEMBL402759,14.0,7.85,0.04646063815889819,7.33291482925415,0.7516999244689941
mol_0310,CHEMBL3648093,14.0,7.85,0.001124707770729238,8.948960304260254,0.8976479172706604
mol_0311,CHEMBL454645,14.0,7.85,0.002432434555312745,8.613958835601807,0.940777063369751
mol_0312,CHEMBL5592661,14.0,7.85,5.4441784253325255e-05,10.264067649841309,0.9914935827255249
mol_0313,CHEMBL6026840,14.0,7.85,0.00037803109393944224,9.422472476959229,0.8272826671600342
mol_0314,CHEMBL391229,14.0,7.85,0.002672619318355328,8.573062896728516,0.8574734926223755
mol_0315,CHEMBL6004741,14.0,7.85,0.0005817241611850424,9.235282897949219,0.7931457757949829
mol_0316,CHEMBL515854,14.0,7.85,0.013286021965789206,7.876605033874512,0.896981954574585
mol_0317,CHEMBL5574741,14.0,7.85,0.0005050871033657571,9.29663372039795,0.9750076532363892
mol_0318,CHEMBL424696,14.0,7.85,0.024522540916281997,7.610434532165527,0.7915365099906921
mol_0319,CHEMBL83369,14.0,7.85,0.02745729568521145,7.561342239379883,0.6943919658660889
mol_0320,CHEMBL5971879,14.5,7.84,0.00047643775787645275,9.321993827819824,0.8461307883262634
mol_0321,CHEMBL5964675,14.3,7.84,0.0007483692665228789,9.125884056091309,0.7803803086280823
mol_0322,CHEMBL5903034,14.5,7.84,0.0006575586771470169,9.182065486907959,0.7293113470077515
mol_0323,CHEMBL4438497,14.5,7.84,0.0004771947738504691,9.321304321289062,0.7001814842224121
mol_0324,CHEMBL5830076,14.3,7.84,0.0012636835063808399,8.898361682891846,0.7452168464660645
mol_0325,CHEMBL5897984,14.3,7.84,0.0007425025938627472,9.129302024841309,0.7329634428024292
mol_0326,CHEMBL4206061,14.8,7.83,0.0006047928862072124,9.218393325805664,0.8320091962814331
mol_0327,CHEMBL5941698,14.8,7.83,0.0011952319195200319,8.922547817230225,0.6953896284103394
mol_0328,CHEMBL1800464,15.0,7.82,12.168402570014871,4.914766430854797,0.1210496723651886
mol_0329,CHEMBL5865665,15.0,7.82,0.0013777204661167197,8.860838890075684,0.7077195644378662
mol_0331,CHEMBL310529,15.0,7.82,0.05986987180824816,7.22279167175293,0.6669051647186279
mol_0332,CHEMBL5755607,15.0,7.82,0.0005907980802937143,9.22856092453003,0.7843205332756042
mol_0334,CHEMBL6163941,15.0,7.82,6.624690019017126,5.178834438323975,0.10937715321779251
mol_0335,CHEMBL6031262,15.0,7.82,0.0011353830401763705,8.944857597351074,0.7058960199356079
mol_0336,CHEMBL50894,15.0,7.82,6.291610733004677,5.20123815536499,0.5289502143859863
mol_0337,CHEMBL455194,15.0,7.82,0.0025200942217311227,8.598583221435547,0.9242497682571411
mol_0338,CHEMBL264406,15.0,7.82,7.989499680182815,5.097480416297913,0.23067457973957062
mol_0339,CHEMBL485619,15.0,7.82,0.009905519697604042,8.004122734069824,0.8940025568008423
mol_0340,CHEMBL1081295,15.4,7.81,0.023418408678545347,7.6304426193237305,0.29622480273246765
mol_0341,CHEMBL5813772,15.5,7.81,0.0005778841997077859,9.2381591796875,0.8435453176498413
mol_0342,CHEMBL3648126,16.0,7.8,0.004516547831809411,8.34519338607788,0.8927791714668274
mol_0343,CHEMBL2158857,16.0,7.8,0.004446774054412443,8.351954936981201,0.8769751787185669
mol_0344,CHEMBL255932,16.0,7.8,0.03280900942443011,7.484006881713867,0.8618175983428955
mol_0345,CHEMBL3298414,16.0,7.8,0.04989173012115079,7.301971435546875,0.601061224937439
mol_0346,CHEMBL4648005,15.7,7.8,0.0010749748319168642,8.968601703643799,0.8873268961906433
mol_0347,CHEMBL307808,16.0,7.8,0.0006849133984607417,9.164364337921143,0.9148832559585571
mol_0348,CHEMBL361833,16.0,7.8,0.002357148437583202,8.627613067626953,0.8464933037757874
mol_0349,CHEMBL478241,16.0,7.8,0.016834495417695265,7.773799896240234,0.7925504446029663
mol_0350,CHEMBL5280635,16.0,7.8,0.2929940924058676,6.533141136169434,0.1313016265630722
mol_0351,CHEMBL523735,16.0,7.8,0.0012624173795375197,8.898797035217285,0.9388805627822876
mol_0352,CHEMBL3648127,16.0,7.8,0.0019849475820029037,8.702250957489014,0.9142365455627441
mol_0353,CHEMBL272389,16.0,7.8,0.005032736135237068,8.298195838928223,0.8780773878097534
mol_0354,CHEMBL4542247,16.3,7.79,0.0005647817382939065,9.248119354248047,0.7326958179473877
mol_0355,CHEMBL4463172,16.3,7.79,0.0014827264638879408,8.828938961029053,0.6661728620529175
mol_0356,CHEMBL5869281,16.3,7.79,0.0008257700929944316,9.083140850067139,0.7703237533569336
mol_0357,CHEMBL4550287,16.3,7.79,0.0006031761282004767,9.219555854797363,0.6332851648330688
mol_0358,CHEMBL5964401,16.5,7.78,0.0013132117810407832,8.881665229797363,0.7413715720176697
mol_0359,CHEMBL1080911,17.0,7.77,0.06094664163273386,7.215050220489502,0.21887396275997162
mol_0360,CHEMBL5198461,17.0,7.77,0.018499193123300017,7.732847213745117,0.7228730916976929
mol_0361,CHEMBL515311,17.0,7.77,0.011294349265234488,7.947138786315918,0.8102810382843018
mol_0362,CHEMBL180814,17.0,7.77,0.026020499431349212,7.584684371948242,0.8194808959960938
mol_0363,CHEMBL192042,17.0,7.77,0.34435460993557077,6.46299409866333,0.6322669386863708
mol_0364,CHEMBL477786,17.0,7.77,0.005491147682747111,8.260336875915527,0.849216878414154
mol_0365,CHEMBL509012,17.0,7.77,0.004815231678860069,8.3173828125,0.8801679611206055
mol_0366,CHEMBL1080893,17.0,7.77,0.01726884147077432,7.762736797332764,0.4274348020553589
mol_0367,CHEMBL5836990,17.0,7.77,0.0011094807269970963,8.954880237579346,0.8145512342453003
mol_0368,CHEMBL409868,17.0,7.77,0.0044938433707444065,8.347382068634033,0.9088048934936523
mol_0369,CHEMBL487066,17.0,7.77,0.0530196382143875,7.2755632400512695,0.7944318056106567
mol_0370,CHEMBL563641,17.0,7.77,0.10199609521310003,6.9914164543151855,0.7926219701766968
mol_0371,CHEMBL4462493,17.4,7.76,0.0016646521274362833,8.778676509857178,0.7212496399879456
mol_0372,CHEMBL103382,17.4,7.76,0.0068063063299031,8.167088508605957,0.9053652286529541
mol_0373,CHEMBL5956134,18.0,7.75,0.0006367799938227989,9.19601058959961,0.7483692169189453
mol_0374,CHEMBL451462,18.0,7.75,0.0033799936324264528,8.471084117889404,0.9148825407028198
mol_0375,CHEMBL3648103,18.0,7.75,0.0004881334298156286,9.311461448669434,0.9489923715591431
mol_0376,CHEMBL83775,18.0,7.75,0.2525316724884064,6.597684144973755,0.7399442195892334
mol_0377,CHEMBL442186,18.0,7.75,0.14953445360559706,6.825258731842041,0.5498933792114258
mol_0378,CHEMBL5748748,17.6,7.75,0.00021297616063406448,9.671669006347656,0.8840973377227783
mol_0379,CHEMBL79364,18.0,7.75,0.01710457687201891,7.766887664794922,0.778274416923523
mol_0380,CHEMBL5873158,18.5,7.73,0.0007053232419506162,9.151611804962158,0.8257744312286377
mol_0381,CHEMBL5758951,18.5,7.73,0.0004882191893592625,9.311385154724121,0.6893761157989502
mol_0382,CHEMBL5189978,19.0,7.72,0.01020758614463575,7.991076946258545,0.6771785020828247
mol_0384,CHEMBL457177,19.0,7.72,0.006221501993229325,8.206104755401611,0.8972175717353821
mol_0385,CHEMBL3648092,19.0,7.72,0.001181203575239917,8.927675247192383,0.8728845119476318
mol_0386,CHEMBL562104,19.0,7.72,0.32128418133115266,6.493110656738281,0.7004949450492859
mol_0387,CHEMBL1080913,19.0,7.72,0.011332570816568344,7.945671558380127,0.4032041132450104
mol_0388,CHEMBL4438059,19.2,7.72,0.006919603583339317,8.159918785095215,0.541538655757904
mol_0389,CHEMBL457979,19.0,7.72,0.007950918977597138,8.09958267211914,0.9224576950073242
mol_0390,CHEMBL2158845,19.0,7.72,0.014426250246533712,7.840846538543701,0.8160789608955383
mol_0391,CHEMBL401377,20.0,7.7,0.007181670748931562,8.143774509429932,0.880055844783783
mol_0392,CHEMBL6144593,20.1,7.7,9.765875096053179,5.010288834571838,0.06963466107845306
mol_0393,CHEMBL452602,20.0,7.7,0.0028579598150713626,8.543943881988525,0.9244959950447083
mol_0394,CHEMBL255263,20.0,7.7,0.24102360289265473,6.617940425872803,0.7833044528961182
mol_0395,CHEMBL191834,20.0,7.7,0.8845453897381628,6.053279876708984,0.6562447547912598
mol_0396,CHEMBL496567,20.0,7.7,0.003615921187129494,8.441781044006348,0.9619737267494202
mol_0397,CHEMBL3648071,20.0,7.7,0.0007114497667657371,9.147855758666992,0.9431070685386658
mol_0398,CHEMBL297570,20.0,7.7,0.004461905799903421,8.35047960281372,0.9042726755142212
mol_0399,CHEMBL5176691,20.0,7.7,0.0099570197331529,8.00187063217163,0.6916218996047974
mol_0400,CHEMBL603097,20.0,7.7,20.958047142432395,4.678649187088013,0.2616187334060669
mol_0401,CHEMBL3421973,20.0,7.7,0.0018403652413033172,8.735095977783203,0.8289220333099365
mol_0402,CHEMBL5908734,19.9,7.7,0.0011255984731883572,8.94861650466919,0.7823283672332764
mol_0403,CHEMBL5933703,20.0,7.7,0.0014497099138930604,8.838718891143799,0.6975864171981812
mol_0404,CHEMBL254367,20.0,7.7,0.0635113289244819,7.19714879989624,0.7546794414520264
mol_0405,CHEMBL5899535,20.4,7.69,0.0004460500012494028,9.350616455078125,0.7524915933609009
mol_0406,CHEMBL5939038,20.4,7.69,0.0013428335826968915,8.871977806091309,0.7450166940689087
mol_0407,CHEMBL5791509,20.4,7.69,0.002242139905412009,8.64933729171753,0.6420400142669678
mol_0408,CHEMBL2158855,21.0,7.68,0.01750062005772427,7.756946563720703,0.8255943059921265
mol_0409,CHEMBL3644019,21.0,7.68,0.0019921110535270196,8.70068645477295,0.9220494627952576
mol_0410,CHEMBL5938059,20.8,7.68,0.0005754655135321775,9.239980697631836,0.7949409484863281
mol_0411,CHEMBL3644022,21.0,7.68,0.001036973299991473,8.984232425689697,0.9325054883956909
mol_0415,CHEMBL1800449,21.0,7.68,71.36873443865984,4.146492004394531,0.35447877645492554
mol_0416,CHEMBL5981008,21.0,7.68,0.00047890430090316615,9.319751262664795,0.7807841300964355
mol_0417,CHEMBL5571022,21.0,7.68,0.01083279308858704,7.965259552001953,0.827054500579834
mol_0418,CHEMBL3642648,21.0,7.68,0.004583529665556172,8.338799953460693,0.9255966544151306
mol_0419,CHEMBL5172816,21.0,7.68,0.01546120422170154,7.810756683349609,0.6654326319694519
mol_0420,CHEMBL4213756,21.5,7.67,0.0013709377235359198,8.862982273101807,0.720454216003418
mol_0421,CHEMBL2035044,22.0,7.66,0.005886277295165414,8.230159282684326,0.9037495851516724
mol_0422,CHEMBL412097,22.0,7.66,0.09746639096847358,7.011145114898682,0.6529044508934021
mol_0423,CHEMBL254170,22.0,7.66,0.14010076476995179,6.853559494018555,0.7951923608779907
mol_0424,CHEMBL1207227,22.0,7.66,8.276842294182757,5.082135319709778,0.22026768326759338
mol_0425,CHEMBL4207796,22.5,7.65,0.0010868879846910946,8.963815212249756,0.7561314105987549
mol_0426,CHEMBL5399420,23.03,7.64,0.09190766371854504,7.036648273468018,0.867723822593689
mol_0427,CHEMBL2158858,23.0,7.64,0.03067014248573378,7.513284206390381,0.7324689030647278
mol_0428,CHEMBL309767,23.0,7.64,0.09335295278622376,7.029871940612793,0.5843115448951721
mol_0429,CHEMBL3357951,23.0,7.64,0.16434722551480943,6.784237623214722,0.34184974431991577
mol_0430,CHEMBL4753350,22.9,7.64,0.033669336203919396,7.4727654457092285,0.44584178924560547
mol_0431,CHEMBL6168381,23.0,7.64,1.9037886796562533,5.720381259918213,0.1318819522857666
mol_0432,CHEMBL5281464,23.0,7.64,0.2888331962241636,6.539352893829346,0.10257101058959961
mol_0433,CHEMBL514913,23.0,7.64,0.004600480276082948,8.337196826934814,0.9261434078216553
mol_0434,CHEMBL5858311,22.9,7.64,0.023372582595145207,7.631293296813965,0.4695764482021332
mol_0435,CHEMBL5775091,23.6,7.63,0.0004044194436820059,9.393167972564697,0.7246643304824829
mol_0436,CHEMBL103285,23.4,7.63,0.02280541336768372,7.641962051391602,0.8234415650367737
mol_0437,CHEMBL4753717,23.3,7.63,0.00022890882325286572,9.640337467193604,0.940352201461792
mol_0438,CHEMBL5289560,24.0,7.62,0.05089510401992578,7.293323993682861,0.1681416928768158
mol_0439,CHEMBL1081628,24.0,7.62,0.01627675695835407,7.7884321212768555,0.342964768409729
mol_0440,CHEMBL560818,24.0,7.62,0.10357170986873337,6.9847588539123535,0.8008395433425903
mol_0441,CHEMBL255463,24.0,7.62,0.12112773839323296,6.9167563915252686,0.7336084842681885
mol_0442,CHEMBL6013826,23.8,7.62,0.0012455009600121569,8.904655933380127,0.6854345798492432
mol_0443,CHEMBL3648124,24.0,7.62,0.000582090895572031,9.23500919342041,0.9464865326881409
mol_0444,CHEMBL3642646,24.0,7.62,0.002430592462379634,8.614287853240967,0.9184045791625977
mol_0445,CHEMBL476518,24.0,7.62,0.03616806634529893,7.441674709320068,0.839651346206665
mol_0446,CHEMBL5895271,24.6,7.61,0.0013225331150067993,8.878593444824219,0.8845765590667725
mol_0447,CHEMBL5765852,24.7,7.61,0.000556608300856671,9.25445032119751,0.651106059551239
mol_0448,CHEMBL319685,24.5,7.61,0.03225176635590392,7.491446495056152,0.9017718434333801
mol_0449,CHEMBL3823659,25.0,7.6,0.018210909272671473,7.739668369293213,0.6874526739120483
mol_0450,CHEMBL485431,25.0,7.6,0.006600324626812132,8.180434703826904,0.9262848496437073
mol_0451,CHEMBL1761791,25.0,7.6,0.5392854163200387,6.268181324005127,0.7674442529678345
mol_0453,CHEMBL2426395,25.0,7.6,2.206193828164274,5.656356334686279,0.3629266023635864
mol_0454,CHEMBL5201965,25.0,7.6,0.028847348153697473,7.539894104003906,0.8279907703399658
mol_0455,CHEMBL510578,25.0,7.6,0.3422753849494987,6.4656243324279785,0.6390987634658813
mol_0456,CHEMBL4439999,25.1,7.6,0.0010057290246129466,8.99751901626587,0.6700854301452637
mol_0457,CHEMBL3648078,25.0,7.6,0.0010834220457008432,8.965202331542969,0.9095990657806396
mol_0458,CHEMBL3644028,25.0,7.6,0.0036050000047095103,8.443094730377197,0.906996488571167
mol_0459,CHEMBL186163,26.0,7.58,0.007503092938022157,8.124759674072266,0.42827922105789185
mol_0461,CHEMBL5205172,27.0,7.57,0.011791898922697108,7.9284162521362305,0.82991623878479
mol_0462,CHEMBL5751847,27.0,7.57,0.00045400149744974166,9.342942714691162,0.8390789031982422
mol_0463,CHEMBL491447,27.0,7.57,0.036638216630208234,7.436065673828125,0.6259030103683472
mol_0464,CHEMBL3648105,27.0,7.57,0.0016832092724923954,8.7738618850708,0.9125974178314209
mol_0465,CHEMBL5953254,27.6,7.56,0.0006405153202610153,9.193470478057861,0.741091251373291
mol_0466,CHEMBL79356,28.0,7.55,0.06406538772691897,7.193376541137695,0.5385441780090332
mol_0467,CHEMBL3648087,28.0,7.55,0.002334388431925236,8.631826877593994,0.9159436225891113
mol_0469,CHEMBL5856237,28.3,7.55,0.0011139212680799776,8.953145503997803,0.7452274560928345
mol_0470,CHEMBL5894670,28.2,7.55,0.0007515031168068958,9.124069213867188,0.8329951167106628
mol_0471,CHEMBL495558,28.0,7.55,0.04768616644040486,7.32160758972168,0.8276015520095825
mol_0472,CHEMBL5994564,28.5,7.54,0.006692291890792729,8.17442512512207,0.6072965860366821
mol_0473,CHEMBL114917,28.97,7.54,0.37701514383067003,6.423641204833984,0.8617234230041504
mol_0474,CHEMBL2426394,29.0,7.54,1.3591343723208573,5.866737604141235,0.4407312870025635
mol_0475,CHEMBL4786429,29.0,7.54,0.002337183840559622,8.631307125091553,0.7910734415054321
mol_0476,CHEMBL185971,29.0,7.54,0.02018529562540102,7.69496488571167,0.4135363698005676
mol_0477,CHEMBL5988596,29.0,7.54,0.0010917306455848381,8.961884498596191,0.6356592178344727
mol_0478,CHEMBL5911327,28.5,7.54,0.0005812976601490721,9.235601425170898,0.7843707203865051
mol_0479,CHEMBL565137,29.0,7.54,0.07822410225204078,7.106659412384033,0.6955145001411438
mol_0480,CHEMBL6060984,28.7,7.54,0.0004990767336596329,9.301832675933838,0.7719765305519104
mol_0481,CHEMBL5814867,29.6,7.53,0.0009662453006082463,9.014912605285645,0.7987475395202637
mol_0482,CHEMBL84944,30.0,7.52,0.017425803709945977,7.758807182312012,0.8585172891616821
mol_0483,CHEMBL258040,30.0,7.52,0.045059233346995325,7.346216201782227,0.8212714195251465
mol_0484,CHEMBL574737,30.0,7.52,0.025824342105664182,7.587970733642578,0.46907368302345276
mol_0485,CHEMBL509730,30.0,7.52,0.06093606968574848,7.215125560760498,0.8942657709121704
mol_0486,CHEMBL576257,30.0,7.52,0.012832398518270024,7.891692161560059,0.7535148859024048
mol_0487,CHEMBL58483,30.0,7.52,0.012925556239616855,7.888550758361816,0.8033063411712646
mol_0488,CHEMBL1922219,30.0,7.52,0.012636932187192399,7.898358345031738,0.9356350898742676
mol_0489,CHEMBL254171,30.0,7.52,0.04472775169979446,7.349422931671143,0.7695221304893494
mol_0491,CHEMBL6144731,30.3,7.52,0.0007166539293130981,9.14469051361084,0.9131780862808228
mol_0492,CHEMBL2426397,30.0,7.52,1.804180337231961,5.743720054626465,0.41798484325408936
mol_0493,CHEMBL231950,30.0,7.52,0.012473060096696244,7.904026985168457,0.7183146476745605
mol_0494,CHEMBL5763679,31.1,7.51,0.0009354636090033342,9.02897310256958,0.7849205732345581
mol_0495,CHEMBL2143507,31.0,7.51,0.6890483282461418,6.161750316619873,0.6260963082313538
mol_0496,CHEMBL5178263,31.0,7.51,0.02375358059117781,7.624270915985107,0.6364549994468689
mol_0497,CHEMBL564884,31.0,7.51,0.06321142124560637,7.199204444885254,0.7067782878875732
mol_0498,CHEMBL6009610,31.1,7.51,0.0007095977502599318,9.148987770080566,0.7451387643814087
mol_0499,CHEMBL2158854,31.0,7.51,0.023356113321134197,7.631599426269531,0.7816020250320435
mol_0500,CHEMBL5209307,31.0,7.51,1.0417857114717581,5.982221603393555,0.5222798585891724
mol_0501,CHEMBL5950534,30.7,7.51,0.0013797337993668095,8.860204696655273,0.7358465194702148
mol_0502,CHEMBL2426396,32.0,7.5,2.1054327283199,5.676658630371094,0.2825148105621338
mol_0503,CHEMBL5834517,31.9,7.5,0.0025278924821483233,8.597241401672363,0.7255679368972778
mol_0504,CHEMBL1241566,32.0,7.5,0.6077130448808757,6.216301441192627,0.44834011793136597
mol_0505,CHEMBL5775776,32.0,7.5,0.000606058535631904,9.217485427856445,0.7040808200836182
mol_0506,CHEMBL5947385,32.3,7.49,0.0017608632584411137,8.754274368286133,0.7540296316146851
mol_0507,CHEMBL3648100,33.0,7.48,0.006332819624980748,8.198402881622314,0.8509933948516846
mol_0508,CHEMBL57256,33.0,7.48,0.01007426581127469,7.996786594390869,0.6726248264312744
mol_0509,CHEMBL1241662,33.0,7.48,0.13481533167726362,6.870260715484619,0.25299835205078125
mol_0510,CHEMBL5287016,33.0,7.48,1.8986837558449565,5.721547365188599,0.1815369725227356
mol_0511,CHEMBL3940661,33.0,7.48,0.0022741827012566804,8.643174648284912,0.8639928102493286
mol_0512,CHEMBL183941,33.0,7.48,0.017096841216774954,7.767084121704102,0.4483059048652649
mol_0513,CHEMBL457888,33.0,7.48,0.007168829409952573,8.144551753997803,0.9351187348365784
mol_0514,CHEMBL5280144,34.0,7.47,7.652105627386947,5.1162190437316895,0.1135864108800888
mol_0515,CHEMBL115319,34.0,7.47,1.3306598959290366,5.875932931900024,0.6312636137008667
mol_0516,CHEMBL4212532,33.7,7.47,0.0006895213319054727,9.161452293395996,0.8321385383605957
mol_0517,CHEMBL101801,34.0,7.47,0.0855468941055286,7.067795753479004,0.7576298117637634
mol_0518,CHEMBL5942702,33.9,7.47,0.000975116684109194,9.010943412780762,0.6633045673370361
mol_0520,CHEMBL4872952,34.48,7.46,0.006626399543139312,8.178722381591797,0.4700174331665039
mol_0521,CHEMBL5905735,35.0,7.46,0.0032373704201940734,8.489807605743408,0.6972535848617554
mol_0522,CHEMBL561440,35.0,7.46,0.2552619003768118,6.5930140018463135,0.8409701585769653
mol_0523,CHEMBL609040,35.0,7.46,12.077240409441604,4.918032288551331,0.4258576035499573
mol_0524,CHEMBL1080561,35.0,7.46,0.006778868471389097,8.168842792510986,0.5312497615814209
mol_0525,CHEMBL5921721,34.6,7.46,0.0016104609093914378,8.793049812316895,0.5852686762809753
mol_0526,CHEMBL5976517,35.5,7.45,0.0018465425910103375,8.733640670776367,0.7246502637863159
mol_0528,CHEMBL455450,36.0,7.44,0.0026866414396485047,8.57079029083252,0.9239724278450012
mol_0529,CHEMBL3644020,36.0,7.44,0.0025278147687798624,8.597254753112793,0.8642539381980896
mol_0530,CHEMBL550959,36.0,7.44,0.2195568606332554,6.658452987670898,0.7058967351913452
mol_0531,CHEMBL507722,36.0,7.44,0.003781734871240172,8.422308921813965,0.8931246399879456
mol_0532,CHEMBL255255,36.0,7.44,0.14250709553283705,6.846163511276245,0.8085227012634277
mol_0533,CHEMBL457887,36.0,7.44,0.0015028153833948489,8.823094367980957,0.9466068744659424
mol_0534,CHEMBL2426391,36.0,7.44,6.368338312470459,5.195973873138428,0.26062193512916565
mol_0535,CHEMBL191144,37.0,7.43,0.5010857717875314,6.300087928771973,0.6985998153686523
mol_0536,CHEMBL115220,37.0,7.43,0.20361454753009187,6.69119119644165,0.7537497282028198
mol_0537,CHEMBL5833493,37.2,7.43,0.003560596263713668,8.448477268218994,0.6868410706520081
mol_0538,CHEMBL2426387,37.0,7.43,4.46305966021943,5.350367307662964,0.28150221705436707
mol_0539,CHEMBL5811164,37.2,7.43,0.0010661626107393387,8.972176551818848,0.7591086626052856
mol_0540,CHEMBL5894084,37.2,7.43,0.0005726129127555025,9.242138862609863,0.7967177033424377
mol_0541,CHEMBL455468,37.0,7.43,0.004926951823931948,8.307421684265137,0.8924897313117981
mol_0542,CHEMBL5186025,38.0,7.42,2.325208983870396,5.633538007736206,0.42114734649658203
mol_0543,CHEMBL507167,38.0,7.42,0.03140934417172285,7.502941131591797,0.7883636951446533
mol_0544,CHEMBL72510,38.0,7.42,0.004116265543184088,8.385496616363525,0.9321912527084351
mol_0545,CHEMBL5953872,38.2,7.42,0.0013160495228492495,8.880727767944336,0.7570509910583496
mol_0546,CHEMBL5935222,38.2,7.42,0.0011187160863247927,8.951280117034912,0.6931778192520142
mol_0547,CHEMBL3655768,40.0,7.4,0.013121279561713304,7.882023811340332,0.938737154006958
mol_0548,CHEMBL3655772,40.0,7.4,0.01717846672080796,7.765015602111816,0.9494736790657043
mol_0549,CHEMBL258039,40.0,7.4,0.03834929641918649,7.416242599487305,0.8116898536682129
mol_0550,CHEMBL5414905,40.0,7.4,0.0026415207050214146,8.578145980834961,0.9636874198913574
mol_0551,CHEMBL3655770,40.0,7.4,0.013702214201944861,7.863209247589111,0.9480322003364563
mol_0552,CHEMBL495751,40.0,7.4,0.006346762151761671,8.197447776794434,0.78061842918396
mol_0553,CHEMBL524059,40.0,7.4,0.006911805415012514,8.16040849685669,0.8586646914482117
mol_0554,CHEMBL359963,40.0,7.4,0.007093282298749915,8.149152755737305,0.7777469158172607
mol_0555,CHEMBL5818702,40.2,7.4,0.0008798833629846522,9.055574893951416,0.6991836428642273
mol_0556,CHEMBL5979966,39.6,7.4,0.0008631763431987845,9.063900470733643,0.7600425481796265
mol_0557,CHEMBL300767,40.0,7.4,0.1561322617465188,6.806507349014282,0.6465073227882385
mol_0558,CHEMBL482193,40.0,7.4,0.11421328109872309,6.942283391952515,0.7999402284622192
mol_0559,CHEMBL2426384,41.0,7.39,3.1569248249054342,5.500735759735107,0.342413067817688
mol_0560,CHEMBL1081451,41.0,7.39,0.007615369477604128,8.118309020996094,0.6862415075302124
mol_0561,CHEMBL3648101,41.0,7.39,0.0025497408853652737,8.593503952026367,0.9001968502998352
mol_0562,CHEMBL5976927,40.6,7.39,0.0006346420705469864,9.197471141815186,0.7841143012046814
mol_0563,CHEMBL488256,42.0,7.38,0.016642610416585223,7.778778553009033,0.8885228633880615
mol_0564,CHEMBL1800455,42.0,7.38,14.781223973475472,4.830289602279663,0.10131093114614487
mol_0565,CHEMBL6163082,41.7,7.38,1.2760399941350464,5.8941357135772705,0.29603511095046997
mol_0566,CHEMBL2426386,42.0,7.38,2.9243022138174104,5.533977746963501,0.3382238745689392
mol_0567,CHEMBL5532236,41.18,7.38,0.023622316654272967,7.626677513122559,0.8730327486991882
mol_0568,CHEMBL3642651,42.0,7.38,0.013944302062450125,7.855603218078613,0.841223955154419
mol_0569,CHEMBL1800450,42.0,7.38,35.32367666515113,4.451934099197388,0.22574838995933533
mol_0570,CHEMBL3648088,42.0,7.38,0.004942838289735936,8.306023597717285,0.8690018653869629
mol_0571,CHEMBL3644025,43.0,7.37,0.0031137056142899653,8.506722450256348,0.9214544892311096
mol_0575,CHEMBL2426390,43.0,7.37,2.869640995763965,5.542172431945801,0.321127712726593
mol_0576,CHEMBL5816005,42.8,7.37,0.003449301606273755,8.462268829345703,0.7149524688720703
mol_0577,CHEMBL190281,43.0,7.37,0.002275621403600864,8.642899990081787,0.7496334314346313
mol_0578,CHEMBL4846069,44.0,7.36,0.10372266590395296,6.984126329421997,0.877356767654419
mol_0579,CHEMBL5194832,44.0,7.36,0.0020813931924361477,8.68164587020874,0.9047483205795288
mol_0580,CHEMBL2426393,44.0,7.36,2.3357216040650934,5.6315789222717285,0.348588764667511
mol_0582,CHEMBL559844,45.0,7.35,0.15611786256887075,6.806547403335571,0.6443812251091003
mol_0583,CHEMBL5982253,44.9,7.35,0.000750561421460561,9.124613761901855,0.7413228750228882
mol_0584,CHEMBL564829,45.0,7.35,0.22253436619300815,6.652602910995483,0.6477296948432922
mol_0585,CHEMBL6058303,44.9,7.35,0.0005954229539412582,9.22517442703247,0.7633804678916931
mol_0586,CHEMBL5941236,44.9,7.35,0.0008488512202456172,9.071168422698975,0.700943112373352
mol_0587,CHEMBL151546,46.0,7.34,0.11446153177371846,6.941340446472168,0.46866732835769653
mol_0588,CHEMBL2158848,46.0,7.34,0.027604413676518134,7.559021472930908,0.8461768627166748
mol_0589,CHEMBL5287042,46.0,7.34,1.5480585695785674,5.8102126121521,0.18366509675979614
mol_0590,CHEMBL188392,46.0,7.34,0.0017399917141537689,8.759452819824219,0.37458327412605286
mol_0591,CHEMBL475948,46.0,7.34,0.0443833069505891,7.352780342102051,0.8546674847602844
mol_0592,CHEMBL271843,46.0,7.34,0.04056548577536849,7.391843318939209,0.816973090171814
mol_0593,CHEMBL560102,47.0,7.33,0.09852571275930778,7.006450414657593,0.6678802371025085
mol_0594,CHEMBL445813,47.0,7.33,0.020451726696636453,7.68927001953125,0.805156946182251
mol_0596,CHEMBL2426383,47.0,7.33,2.1747985413730104,5.662580966949463,0.397310733795166
mol_0597,CHEMBL6147308,46.88,7.33,0.2703969752576503,6.567998170852661,0.09706322848796844
mol_0598,CHEMBL5834090,48.4,7.32,0.0006060345807370118,9.21750259399414,0.7601831555366516
mol_0599,CHEMBL3648090,48.0,7.32,0.005295226999950055,8.276115417480469,0.8087762594223022
mol_0600,CHEMBL114851,47.97,7.32,0.7752362983681061,6.110565900802612,0.8153479099273682
mol_0601,CHEMBL5273925,48.0,7.32,0.056959180985061066,7.244436264038086,0.7489675283432007
mol_0602,CHEMBL4448494,47.7,7.32,0.0009088102269590041,9.041526794433594,0.7183214426040649
mol_0603,CHEMBL81196,48.0,7.32,0.015957655100491,7.797030925750732,0.7108486890792847
mol_0604,CHEMBL3644030,49.0,7.31,0.004580264721090613,8.339109420776367,0.9095504879951477
mol_0605,CHEMBL58466,49.0,7.31,0.0015510342071793522,8.809378623962402,0.8199554681777954
mol_0606,CHEMBL2426392,49.0,7.31,2.32591243683003,5.633406639099121,0.3239477872848511
mol_0607,CHEMBL3648079,49.0,7.31,0.0024371850420579124,8.61311149597168,0.8018814325332642
mol_0608,CHEMBL3655771,50.0,7.3,0.016792479329739464,7.774885177612305,0.9377559423446655
mol_0609,CHEMBL3655767,50.0,7.3,0.006793688603368205,8.16789436340332,0.947942852973938
mol_0610,CHEMBL570002,50.0,7.3,0.3280384054280277,6.484075307846069,0.6654356718063354
mol_0611,CHEMBL5799961,50.3,7.3,0.002196595780198998,8.658249855041504,0.7316171526908875
mol_0613,CHEMBL419753,50.0,7.3,1.6663875360997806,5.778223991394043,0.47884342074394226
mol_0614,CHEMBL1800451,50.0,7.3,29.448798033189572,4.530932426452637,0.1644834280014038
mol_0615,CHEMBL79049,50.0,7.3,1.7533922386119867,5.756120920181274,0.18228766322135925
mol_0616,CHEMBL513354,50.0,7.3,0.007143317533724175,8.146100044250488,0.9115258455276489
mol_0617,CHEMBL3655773,50.0,7.3,0.03757794721694568,7.425066947937012,0.926639199256897
mol_0618,CHEMBL379495,50.0,7.3,0.007478296186598345,8.126197338104248,0.8127360343933105
mol_0619,CHEMBL3648086,51.0,7.29,0.0027903040613447556,8.554348468780518,0.8929303884506226
mol_0620,CHEMBL5499697,51.0,7.29,0.017402687497233903,7.759383678436279,0.484347939491272
mol_0621,CHEMBL4552628,51.0,7.29,0.04600980365600198,7.337149620056152,0.19830507040023804
mol_0622,CHEMBL4208172,51.1,7.29,0.005144416658310439,8.288663864135742,0.6518573760986328
mol_0623,CHEMBL2426382,52.0,7.28,2.546316588140391,5.594087600708008,0.3518606722354889
mol_0624,CHEMBL363069,52.0,7.28,0.007506042751047442,8.124588966369629,0.4387176036834717
mol_0625,CHEMBL3301610,52.2,7.28,0.003891119236383091,8.40992546081543,0.6751989722251892
mol_0626,CHEMBL1080569,53.0,7.28,0.0982919493416205,7.007482051849365,0.20830756425857544
mol_0627,CHEMBL4863726,52.86,7.28,0.04601020779248158,7.337145805358887,0.6272146701812744
mol_0628,CHEMBL5172659,53.0,7.28,2.6230916624255474,5.581186532974243,0.2739301919937134
mol_0629,CHEMBL5556607,52.0,7.28,0.005440031634322118,8.264398574829102,0.9487841129302979
mol_0630,CHEMBL189350,53.0,7.28,0.02381685762226702,7.623115539550781,0.42928946018218994
mol_0631,CHEMBL522891,52.0,7.28,0.06672738474909633,7.175695896148682,0.792137861251831
mol_0632,CHEMBL1800456,52.0,7.28,23.46438901929329,4.629590749740601,0.08669737726449966
mol_0633,CHEMBL3648081,54.0,7.27,0.002722961040584025,8.564958572387695,0.8440520763397217
mol_0634,CHEMBL5976683,54.1,7.27,0.001754706646770602,8.7557954788208,0.7635490298271179
mol_0636,CHEMBL271822,54.0,7.27,0.03482029507068066,7.458167552947998,0.7154134511947632
mol_0637,CHEMBL83499,54.0,7.27,0.04736644916842662,7.32452917098999,0.7198185324668884
mol_0638,CHEMBL4466497,54.9,7.26,0.0005149400919619204,9.288243293762207,0.7851572632789612
mol_0639,CHEMBL549675,55.0,7.26,0.09146768969192973,7.038732290267944,0.7736684083938599
mol_0640,CHEMBL6043427,55.2,7.26,0.0021908897207214093,8.659379482269287,0.6496803760528564
mol_0641,CHEMBL1081830,55.3,7.26,0.022100850608370002,7.655591011047363,0.2986880838871002
mol_0642,CHEMBL2163999,55.0,7.26,0.2862812016152986,6.543207168579102,0.611713171005249
mol_0644,CHEMBL4860265,56.13,7.25,0.03275361696563008,7.484740734100342,0.47245463728904724
mol_0645,CHEMBL2426399,56.0,7.25,2.2344551323366337,5.6508283615112305,0.36416149139404297
mol_0646,CHEMBL519422,56.0,7.25,0.007918597382562467,8.101351737976074,0.9057608842849731
mol_0647,CHEMBL232556,56.0,7.25,1.6139994602947556,5.7920966148376465,0.299602746963501
mol_0648,CHEMBL115933,55.98,7.25,0.2234552041296315,6.6508095264434814,0.7012527585029602
mol_0649,CHEMBL4453997,57.0,7.24,1.1659936009486378,5.9333038330078125,0.5091836452484131
mol_0650,CHEMBL1080891,57.0,7.24,0.011595285961512781,7.935718536376953,0.5655131340026855
mol_0651,CHEMBL5784667,57.9,7.24,0.002130357979037005,8.671547412872314,0.7613149881362915
mol_0652,CHEMBL2426389,58.0,7.24,1.9732418636640718,5.704819679260254,0.36490070819854736
mol_0653,CHEMBL5772567,59.3,7.23,0.0006666865298385062,9.17607831954956,0.7127882242202759
mol_0654,CHEMBL4643057,58.8,7.23,0.012523600523481629,7.902270793914795,0.6640720963478088
mol_0655,CHEMBL2426388,59.0,7.23,1.5736183601588516,5.8031005859375,0.29317355155944824
mol_0656,CHEMBL5952782,58.9,7.23,0.0013407327689111065,8.872657775878906,0.7739486694335938
mol_0657,CHEMBL361348,59.0,7.23,0.008067336549435242,8.09326982498169,0.8922230005264282
mol_0658,CHEMBL560301,59.0,7.23,0.4522554668503851,6.344616174697876,0.7628536224365234
mol_0659,CHEMBL564470,59.0,7.23,0.08151436324853509,7.088765859603882,0.6226121187210083
mol_0660,CHEMBL1800465,60.0,7.22,4.578414445401802,5.339284896850586,0.11601543426513672
mol_0661,CHEMBL5805137,60.4,7.22,0.003317985626073227,8.479125499725342,0.6754713654518127
mol_0662,CHEMBL480442,60.0,7.22,0.027142212630678356,7.566354751586914,0.7531248927116394
mol_0663,CHEMBL2348155,60.0,7.22,0.09051197617059205,7.0432939529418945,0.5345126390457153
mol_0664,CHEMBL407981,60.0,7.22,1.4465752302871815,5.839658975601196,0.3582526445388794
mol_0665,CHEMBL5845923,60.2,7.22,0.0005722709993539781,9.242398262023926,0.6675102710723877
mol_0667,CHEMBL3298823,60.0,7.22,0.4110155216647867,6.386141777038574,0.199075385928154
mol_0668,CHEMBL453651,62.0,7.21,0.021973097801953938,7.658108711242676,0.9016635417938232
mol_0669,CHEMBL5888813,62.4,7.21,0.0018637090443427327,8.729621887207031,0.6345489621162415
mol_0671,CHEMBL181293,61.0,7.21,0.022211609446425293,7.6534199714660645,0.821386456489563
mol_0672,CHEMBL408019,62.0,7.21,1.3500367256506844,5.869654417037964,0.5961311459541321
mol_0673,CHEMBL379193,62.0,7.21,0.011518619002806487,7.938599586486816,0.920758843421936
mol_0674,CHEMBL321939,61.6,7.21,0.15427544041816574,6.811703205108643,0.39843469858169556
mol_0675,CHEMBL5853767,62.4,7.21,0.0007499139700515034,9.124988555908203,0.7270105481147766
mol_0676,CHEMBL79848,62.0,7.21,0.030053745036682882,7.522101402282715,0.7245347499847412
mol_0677,CHEMBL5811976,62.4,7.21,0.0007479199435314848,9.126144886016846,0.776706337928772
mol_0678,CHEMBL3952214,63.1,7.2,0.0970646345404571,7.012938976287842,0.614649772644043
mol_0679,CHEMBL3822989,63.0,7.2,0.01092899979041315,7.961419582366943,0.7040916085243225
mol_0680,CHEMBL2426385,63.0,7.2,2.897505118883337,5.537975788116455,0.3538033366203308
mol_0681,CHEMBL3648097,63.0,7.2,0.0030881366007399357,8.510303497314453,0.9231284856796265
mol_0682,CHEMBL365608,63.0,7.2,0.024867344217997522,7.604370594024658,0.33729615807533264
mol_0683,CHEMBL3642649,64.0,7.19,0.007529038223085588,8.123260498046875,0.921414852142334
mol_0684,CHEMBL5977920,64.1,7.19,0.0013944286752198682,8.855603694915771,0.6891170144081116
mol_0685,CHEMBL82768,65.0,7.19,0.020332658219215736,7.691805839538574,0.603913426399231
mol_0686,CHEMBL299032,64.0,7.19,0.13141630264993623,6.881350755691528,0.42202267050743103
mol_0687,CHEMBL5941223,65.5,7.18,0.0011835910060123678,8.926798343658447,0.6599084734916687
mol_0688,CHEMBL5786556,65.5,7.18,0.0006152937833009795,9.210917472839355,0.7320195436477661
mol_0689,CHEMBL184115,68.0,7.17,0.08134341996903777,7.089677572250366,0.3552900552749634
mol_0690,CHEMBL115994,67.0,7.17,0.732238222732777,6.135347604751587,0.7073390483856201
mol_0691,CHEMBL4856767,67.44,7.17,0.07319380026538051,7.135525703430176,0.4346714913845062
mol_0692,CHEMBL6002613,67.0,7.17,0.0007413898151343799,9.129953384399414,0.6947751641273499
mol_0693,CHEMBL458547,68.0,7.17,0.05509567110041613,7.258882522583008,0.8662989139556885
mol_0694,CHEMBL1800452,68.0,7.17,6.873282014120136,5.1628358364105225,0.058574043214321136
mol_0695,CHEMBL60990,68.0,7.17,0.21602268470212663,6.665500640869141,0.5789892673492432
mol_0696,CHEMBL58139,68.0,7.17,0.01571511895455697,7.803682327270508,0.6096022129058838
mol_0697,CHEMBL296468,67.1,7.17,0.0054581477550923905,8.262954711914062,0.906814694404602
mol_0698,CHEMBL325606,68.08,7.17,0.6544442694498486,6.184127330780029,0.6064268350601196
mol_0699,CHEMBL1922212,70.0,7.16,0.05037689628664119,7.297768592834473,0.9360694885253906
mol_0700,CHEMBL4215914,70.0,7.16,0.022849976885062837,7.641114234924316,0.7926406860351562
mol_0701,CHEMBL2011932,70.0,7.16,0.025665003941684354,7.590658664703369,0.708986222743988
mol_0702,CHEMBL2426398,69.0,7.16,3.548887401190926,5.4499077796936035,0.3662967085838318
mol_0703,CHEMBL3298983,69.0,7.16,0.34348950125892624,6.464086532592773,0.5754070281982422
mol_0704,CHEMBL1080912,70.0,7.16,0.005527113689114277,8.257501602172852,0.6421253681182861
mol_0705,CHEMBL3298312,71.0,7.15,0.1662108061801421,6.779340744018555,0.3678708076477051
mol_0706,CHEMBL209280,71.0,7.15,0.006190790956811164,8.208253860473633,0.87645423412323
mol_0707,CHEMBL2426381,71.0,7.15,2.7408139898201775,5.56212043762207,0.4044297933578491
mol_0708,CHEMBL5532052,71.53,7.15,0.015423225253082958,7.811824798583984,0.8622264862060547
mol_0709,CHEMBL5915046,70.3,7.15,0.001943099606311178,8.711504936218262,0.7293581962585449
mol_0710,CHEMBL1087281,72.0,7.14,0.0576442530204166,7.239243984222412,0.4059617221355438
mol_0711,CHEMBL5983466,73.1,7.14,0.0009901855215526402,9.004283428192139,0.748551070690155
mol_0712,CHEMBL82251,72.0,7.14,0.05441560918540581,7.264276504516602,0.7074277997016907
mol_0713,CHEMBL3973367,73.0,7.14,0.009127341806596533,8.039655685424805,0.41231200098991394
mol_0714,CHEMBL5781074,72.1,7.14,0.001840296540690219,8.735112190246582,0.813086986541748
mol_0715,CHEMBL1080740,72.0,7.14,0.022381701178410353,7.650106906890869,0.3793056607246399
mol_0716,CHEMBL5972036,74.9,7.13,0.002571701883951945,8.589779376983643,0.6888564825057983
mol_0717,CHEMBL271842,74.0,7.13,0.004177645892750803,8.379068374633789,0.9510904550552368
mol_0718,CHEMBL1081439,74.0,7.13,0.01988957344192972,7.701374530792236,0.5856485366821289
mol_0719,CHEMBL324577,73.96,7.13,0.39004739528239446,6.4088826179504395,0.8464090824127197
mol_0720,CHEMBL538195,74.0,7.13,0.05707349137703868,7.243565559387207,0.7261179685592651
mol_0721,CHEMBL5596897,75.6,7.12,0.03455650984145672,7.461470127105713,0.046983662992715836
mol_0722,CHEMBL392776,75.0,7.12,0.05759187190566008,7.239638805389404,0.37439343333244324
mol_0723,CHEMBL271594,75.0,7.12,1.0675412998317955,5.971615314483643,0.5368645191192627
mol_0725,CHEMBL2426380,75.0,7.12,2.7178504705211575,5.565774440765381,0.34788215160369873
mol_0726,CHEMBL336242,78.0,7.11,0.0686905723057682,7.163102865219116,0.24241317808628082
mol_0727,CHEMBL3648091,78.0,7.11,0.0029976234444476385,8.523222923278809,0.8444855213165283
mol_0728,CHEMBL2035042,77.0,7.11,0.012448515631106964,7.904882431030273,0.6966267228126526
mol_0729,CHEMBL1809191,78.0,7.11,0.016869613815066957,7.772894859313965,0.7768256664276123
mol_0730,CHEMBL4463874,78.2,7.11,0.0012461753239085803,8.904420852661133,0.753555417060852
mol_0731,CHEMBL310755,77.0,7.11,0.0830733049774907,7.080538511276245,0.6965461373329163
mol_0732,CHEMBL1081438,79.0,7.1,0.003472648753644462,8.459339141845703,0.6453814506530762
mol_0733,CHEMBL5817708,79.9,7.1,0.0008069506952794816,9.09315299987793,0.8217946887016296
mol_0734,CHEMBL5590319,80.2,7.1,0.3264465364203175,6.486187934875488,0.06453079730272293
mol_0735,CHEMBL5888788,79.4,7.1,0.006174431288289547,8.209403038024902,0.7470719814300537
mol_0736,CHEMBL365341,79.98,7.1,0.5458663161748962,6.262913703918457,0.711184024810791
mol_0737,CHEMBL419931,80.0,7.1,0.1600520727914942,6.795738697052002,0.8176270723342896
mol_0738,CHEMBL380500,80.0,7.1,0.39303343134692303,6.4055705070495605,0.2609705924987793
mol_0739,CHEMBL6147673,79.4,7.1,0.018209129820997427,7.739710807800293,0.7910789251327515
mol_0740,CHEMBL3354188,80.0,7.1,0.012452452622839937,7.904745101928711,0.8853704929351807
mol_0741,CHEMBL507142,81.0,7.09,0.017528349958870305,7.756258964538574,0.7784388065338135
mol_0742,CHEMBL559639,81.0,7.09,0.32847125784959147,6.483502626419067,0.5270015597343445
mol_0743,CHEMBL59110,82.0,7.09,0.15804890959071163,6.80120849609375,0.6526075601577759
mol_0744,CHEMBL5505838,81.98,7.09,0.016425585483569562,7.784479141235352,0.8556759357452393
mol_0745,CHEMBL2035043,83.0,7.08,0.016439658500851027,7.784107208251953,0.7303652167320251
mol_0746,CHEMBL2113092,84.0,7.08,0.0021927981170151616,8.659001350402832,0.9051366448402405
mol_0747,CHEMBL5279564,83.0,7.08,0.01582267053523161,7.80072021484375,0.7259320616722107
mol_0748,CHEMBL5181709,84.0,7.08,0.0024505476581735985,8.610736846923828,0.8449440002441406
mol_0749,CHEMBL550964,83.0,7.08,0.39920419553983727,6.3988049030303955,0.7203390002250671
mol_0750,CHEMBL323392,83.0,7.08,1.0497496515109346,5.978914260864258,0.6196755170822144
mol_0751,CHEMBL483590,83.0,7.08,0.018554604033401607,7.731548309326172,0.8665973544120789
mol_0752,CHEMBL366230,83.95,7.08,1.1544542784597311,5.9376232624053955,0.7269166707992554
mol_0753,CHEMBL6019056,84.3,7.07,0.0012882853093355148,8.88998794555664,0.7548675537109375
mol_0754,CHEMBL115264,84.92,7.07,2.570183224436794,5.590035915374756,0.678852915763855
mol_0755,CHEMBL6176188,87.9,7.06,0.056021523056124005,7.251645088195801,0.22434350848197937
mol_0756,CHEMBL5200108,87.0,7.06,0.038127997089612925,7.418756008148193,0.6804393529891968
mol_0757,CHEMBL232557,87.0,7.06,0.1866019696323719,6.729083776473999,0.4193131923675537
mol_0758,CHEMBL5943083,87.6,7.06,0.004439909860742043,8.352625846862793,0.4551413059234619
mol_0759,CHEMBL5397283,87.0,7.06,0.0045312154663638615,8.343785285949707,0.709113597869873
mol_0760,CHEMBL301639,88.0,7.06,0.14280947508730768,6.845242977142334,0.6281533241271973
mol_0761,CHEMBL2322701,88.0,7.06,0.0015576096516639513,8.807541370391846,0.9618678689002991
mol_0762,CHEMBL5419439,88.0,7.06,0.006353880958341101,8.196960926055908,0.7834489345550537
mol_0763,CHEMBL1800457,90.0,7.05,8.892365115928946,5.050982713699341,0.06844667345285416
mol_0764,CHEMBL4294760,90.0,7.05,0.004016056554398489,8.396200180053711,0.895071268081665
mol_0765,CHEMBL3354185,90.0,7.05,0.13226841405720982,6.878543853759766,0.7734204530715942
mol_0766,CHEMBL112136,89.95,7.05,1.1136534547571209,5.953249931335449,0.6091318726539612
mol_0767,CHEMBL1922218,90.0,7.05,0.013759653642228538,7.861392498016357,0.9409667253494263
mol_0768,CHEMBL463579,90.0,7.05,0.7088217930902745,6.149462938308716,0.6580001711845398
mol_0769,CHEMBL2386747,88.8,7.05,0.004176306738388999,8.379207611083984,0.4792823791503906
mol_0770,CHEMBL3655777,90.0,7.05,0.011639470596381716,7.9340667724609375,0.9332781434059143
mol_0771,CHEMBL5970937,89.7,7.05,0.0016628436693346255,8.779148578643799,0.5786089897155762
mol_0772,CHEMBL6169985,89.6,7.05,2.913065323817288,5.53564977645874,0.3780641555786133
mol_0773,CHEMBL5831789,92.3,7.04,0.004091492250539651,8.388118267059326,0.794739842414856
mol_0774,CHEMBL5884004,91.0,7.04,0.003907546576590232,8.408095836639404,0.670345664024353
mol_0775,CHEMBL4761001,92.3,7.04,0.0039037686299322216,8.408515930175781,0.8124457597732544
mol_0776,CHEMBL180714,92.0,7.04,0.034103485449476084,7.467201232910156,0.6661069393157959
mol_0777,CHEMBL360596,91.0,7.04,0.023834672371985968,7.622790813446045,0.39222535490989685
mol_0778,CHEMBL3354189,93.0,7.03,0.0025071918353472005,8.600812435150146,0.9287958145141602
mol_0779,CHEMBL5789562,93.7,7.03,0.0025366393663520796,8.595741271972656,0.6639047861099243
mol_0780,CHEMBL3644029,94.0,7.03,0.02153848919358227,7.666784763336182,0.8192996382713318
mol_0781,CHEMBL1081104,93.0,7.03,0.19721675538905545,6.705056190490723,0.11646807193756104
mol_0782,CHEMBL411696,93.0,7.03,0.0012444060677080262,8.905037879943848,0.9401358366012573
mol_0783,CHEMBL5802135,93.5,7.03,0.0034098093911021487,8.467269897460938,0.8798667788505554
mol_0784,CHEMBL5874515,93.4,7.03,0.0030314429452978383,8.518350601196289,0.6584354639053345
mol_0785,CHEMBL508506,95.0,7.02,0.006051987490996358,8.218101978302002,0.867215633392334
mol_0786,CHEMBL364631,95.0,7.02,0.07032759542220185,7.152874231338501,0.14931553602218628
mol_0787,CHEMBL5401158,98.31,7.01,0.39014055202198306,6.40877890586853,0.7075586915016174
mol_0788,CHEMBL5290362,97.0,7.01,0.020228314701475875,7.694040298461914,0.5832368731498718
mol_0789,CHEMBL4303287,96.9,7.01,0.0033544949022930723,8.474372863769531,0.7749589681625366
mol_0790,CHEMBL5439308,100.0,7.0,0.033742352181483234,7.471824645996094,0.3462215065956116
mol_0791,CHEMBL3655764,100.0,7.0,0.007353170368843628,8.133525371551514,0.8988319039344788
mol_0792,CHEMBL5070887,99.4,7.0,0.024435862235373442,7.611972332000732,0.3400011956691742
mol_0793,CHEMBL5179286,100.0,7.0,0.060636337779188365,7.217267036437988,0.8681609630584717
mol_0794,CHEMBL2203628,100.0,7.0,0.1391719865649542,6.856448173522949,0.7538472414016724
mol_0795,CHEMBL2348160,100.0,7.0,0.044337864195281886,7.353225231170654,0.5751780867576599
mol_0796,CHEMBL2158859,100.0,7.0,0.06236055246970727,7.205090045928955,0.7459421157836914
mol_0797,CHEMBL5209174,100.0,7.0,0.3600360096099917,6.4436540603637695,0.7030594944953918
mol_0798,CHEMBL495545,100.0,7.0,0.016210518476185785,7.790203094482422,0.7917774319648743
mol_0799,CHEMBL5192247,100.0,7.0,0.07025308214688526,7.153334617614746,0.680670440196991
mol_0800,CHEMBL5170812,100.0,7.0,0.061704666904459894,7.209681987762451,0.7405269145965576
mol_0801,CHEMBL5179057,100.0,7.0,0.11660083234813826,6.933298349380493,0.5235574841499329
mol_0802,CHEMBL5173190,100.0,7.0,0.09806487761649066,7.00848650932312,0.8571908473968506
mol_0803,CHEMBL5187579,100.0,7.0,0.2853960199105906,6.5445520877838135,0.3173099458217621
mol_0804,CHEMBL5195597,102.0,6.99,0.003923513367203095,8.406324863433838,0.9481443166732788
mol_0805,CHEMBL185854,102.0,6.99,0.04360012590359299,7.3605122566223145,0.43448999524116516
mol_0806,CHEMBL5431565,102.6,6.99,0.14434766446807207,6.840590238571167,0.05721056088805199
mol_0807,CHEMBL5542924,101.6,6.99,0.015911868881131743,7.79827880859375,0.8574243783950806
mol_0808,CHEMBL474619,102.0,6.99,0.8256241334763091,6.083217620849609,0.1897461712360382
mol_0809,CHEMBL1088613,104.0,6.98,0.008459046922784525,8.072678565979004,0.5462301969528198
mol_0810,CHEMBL3298308,104.0,6.98,0.09989860011304352,7.00044059753418,0.5097591876983643
mol_0811,CHEMBL4781539,108.0,6.97,0.01114074158435812,7.953085899353027,0.8358299732208252
mol_0812,CHEMBL1922209,110.0,6.96,0.03651047702009508,7.437582492828369,0.8902443647384644
mol_0813,CHEMBL497477,110.0,6.96,0.027798063922112867,7.555985450744629,0.782357931137085
mol_0814,CHEMBL5751375,109.0,6.96,0.004524215958617612,8.344456672668457,0.8136040568351746
mol_0815,CHEMBL258805,110.0,6.96,0.6874168793986899,6.162779808044434,0.45482492446899414
mol_0816,CHEMBL2158862,110.0,6.96,0.05727097415120904,7.2420654296875,0.5697965621948242
mol_0817,CHEMBL5774473,110.0,6.96,0.0020138874094708793,8.695964813232422,0.6845670938491821
mol_0818,CHEMBL14619,110.0,6.96,13.765788664121505,4.861198902130127,0.41583195328712463
mol_0819,CHEMBL2348156,110.0,6.96,0.07597493007954056,7.1193296909332275,0.6364330053329468
mol_0820,CHEMBL5760424,110.0,6.96,0.0012061937775927878,8.918582916259766,0.6657163500785828
mol_0821,CHEMBL3946675,110.0,6.96,0.012494908877430592,7.903266906738281,0.6375031471252441
mol_0822,CHEMBL497854,110.0,6.96,0.024753994297589395,7.606354713439941,0.7315461039543152
mol_0823,CHEMBL2207208,110.0,6.96,0.3017091689563114,6.520411491394043,0.6979777216911316
mol_0824,CHEMBL5438882,108.4,6.96,0.5540246414444567,6.2564709186553955,0.07660288363695145
mol_0825,CHEMBL6171172,108.3,6.96,0.8013006236072325,6.096204519271851,0.16036607325077057
mol_0826,CHEMBL6152017,112.3,6.95,0.0262332063598207,7.581148624420166,0.8282791376113892
mol_0827,CHEMBL3822619,113.0,6.95,0.007820134556369212,8.106785774230957,0.7188693284988403
mol_0828,CHEMBL5562769,112.0,6.95,0.000567623994038765,9.245939254760742,0.9595300555229187
mol_0829,CHEMBL5424761,114.62,6.94,0.9840489897410181,6.006983280181885,0.0635678693652153
mol_0830,CHEMBL2036792,114.0,6.94,0.23829818429184102,6.622879266738892,0.3825594484806061
mol_0831,CHEMBL4453095,116.0,6.94,0.00306418352752259,8.51368522644043,0.48292678594589233
mol_0832,CHEMBL5537062,115.2,6.94,0.01953703909577164,7.709141254425049,0.8415389657020569
mol_0833,CHEMBL378420,118.0,6.93,0.005274129663188104,8.277849197387695,0.8919142484664917
mol_0834,CHEMBL1081105,117.0,6.93,0.06917567770288763,7.160046577453613,0.15716694295406342
mol_0835,CHEMBL5841163,117.0,6.93,0.0012123065231684881,8.916387557983398,0.6958648562431335
mol_0836,CHEMBL4525034,117.0,6.93,0.0015160937288230551,8.819273948669434,0.7102600336074829
mol_0837,CHEMBL5976175,117.0,6.93,0.0010889723896881217,8.962983131408691,0.7245094776153564
mol_0838,CHEMBL6064669,120.0,6.92,0.0047384394767499656,8.32436466217041,0.6246190071105957
mol_0840,CHEMBL186800,121.0,6.92,0.09103312018716751,7.04080057144165,0.34283047914505005
mol_0841,CHEMBL378248,120.0,6.92,0.005546019106039014,8.25601863861084,0.8145959377288818
mol_0842,CHEMBL202695,120.0,6.92,0.009874387672507605,8.005489826202393,0.822769820690155
mol_0843,CHEMBL5287079,120.0,6.92,0.024333187214073643,7.613801002502441,0.6365203857421875
mol_0844,CHEMBL525194,120.0,6.92,0.013114956581436795,7.882233142852783,0.8925313949584961
mol_0846,CHEMBL322568,120.0,6.92,0.6046292231691407,6.218510866165161,0.6850013732910156
mol_0847,CHEMBL3655765,120.0,6.92,0.006741652236462437,8.171233654022217,0.9276777505874634
mol_0848,CHEMBL3919796,120.0,6.92,0.011518682237787093,7.938597202301025,0.4291655123233795
mol_0849,CHEMBL189136,122.0,6.91,0.022537203606358202,7.64709997177124,0.48373475670814514
mol_0850,CHEMBL5870326,122.0,6.91,0.002067885488042679,8.684473514556885,0.7175966501235962
mol_0851,CHEMBL83443,124.0,6.91,0.05331355406321044,7.273162364959717,0.6443817615509033
mol_0852,CHEMBL3967592,124.0,6.91,0.01373198939871935,7.862266540527344,0.6717324256896973
mol_0853,CHEMBL245336,123.0,6.91,0.004432671762049536,8.353334426879883,0.932523787021637
mol_0854,CHEMBL4744627,124.0,6.91,0.01153408396203067,7.938016891479492,0.762056827545166
mol_0855,CHEMBL5870086,124.0,6.91,0.009660670863684058,8.014992713928223,0.7858442068099976
mol_0856,CHEMBL6033665,126.0,6.9,0.062182171743627064,7.206334114074707,0.733098030090332
mol_0857,CHEMBL5900559,126.0,6.9,0.017433037410431045,7.758626937866211,0.7057017087936401
mol_0858,CHEMBL4746993,126.0,6.9,0.02567413559416066,7.590504169464111,0.6913702487945557
mol_0859,CHEMBL5900599,126.0,6.9,0.004906653704899889,8.30921459197998,0.7615315914154053
mol_0860,CHEMBL312273,127.0,6.9,0.10744827689120538,6.9688005447387695,0.6576074361801147
mol_0861,CHEMBL5542804,124.7,6.9,0.02477680785835298,7.605954647064209,0.8514304757118225
mol_0862,CHEMBL5879318,129.0,6.89,0.0018389129715889615,8.735438823699951,0.7942869663238525
mol_0863,CHEMBL3934141,130.0,6.89,0.006490124057724867,8.18774700164795,0.6471755504608154
mol_0864,CHEMBL3648080,130.0,6.89,0.005786276684484362,8.237600803375244,0.7419615983963013
mol_0865,CHEMBL6169949,129.3,6.89,3.470095101664107,5.459658622741699,0.11894958466291428
mol_0866,CHEMBL5956369,128.0,6.89,0.0029279470922421997,8.53343677520752,0.7778459787368774
mol_0867,CHEMBL2011927,133.0,6.88,0.003996096183959646,8.398364067077637,0.8649307489395142
mol_0868,CHEMBL3823278,135.0,6.87,0.018229954289164844,7.7392144203186035,0.6938006281852722
mol_0869,CHEMBL5925248,135.0,6.87,0.004065479597292618,8.390888214111328,0.5859757661819458
mol_0870,CHEMBL1081437,135.0,6.87,0.004613935933990381,8.335928440093994,0.4754764437675476
mol_0871,CHEMBL5435746,135.01,6.87,0.19142383458736015,6.718003988265991,0.5260531306266785
mol_0872,CHEMBL6166339,136.4,6.87,0.5396242112223708,6.267908573150635,0.15598464012145996
mol_0873,CHEMBL2011926,135.0,6.87,0.009458182001401399,8.024192333221436,0.7307044267654419
mol_0874,CHEMBL5561839,134.2,6.87,0.008474729757688763,8.071874141693115,0.7641603946685791
mol_0875,CHEMBL4461442,135.0,6.87,0.0015364693963765066,8.813476085662842,0.7435404658317566
mol_0876,CHEMBL1081296,136.0,6.87,0.4778551326252956,6.320703744888306,0.29142820835113525
mol_0877,CHEMBL1081852,138.0,6.86,0.7767498899728996,6.1097187995910645,0.18879377841949463
mol_0878,CHEMBL6167764,137.2,6.86,0.21792384759728994,6.661695241928101,0.08422288298606873
mol_0879,CHEMBL5423237,137.54,6.86,1.3831784071489452,5.859121799468994,0.0530276745557785
mol_0880,CHEMBL524266,138.0,6.86,0.48117356491763885,6.317698240280151,0.31171566247940063
mol_0881,CHEMBL565211,137.0,6.86,0.22133269216298754,6.654954433441162,0.645641028881073
mol_0882,CHEMBL1235529,140.0,6.85,0.019046521611657936,7.720184326171875,0.957018256187439
mol_0883,CHEMBL388956,140.0,6.85,0.4242295421517207,6.372399091720581,0.46265557408332825
mol_0884,CHEMBL3642655,140.0,6.85,0.03183622616450656,7.4970784187316895,0.8703601360321045
mol_0885,CHEMBL496569,140.0,6.85,0.06129479694759976,7.212576389312744,0.7151498794555664
mol_0886,CHEMBL590109,140.0,6.85,0.1096853174783999,6.959851503372192,0.12820270657539368
mol_0887,CHEMBL463580,140.0,6.85,1.7470382666502322,5.757697582244873,0.7263174057006836
mol_0888,CHEMBL2158864,140.0,6.85,0.07538534227395306,7.122713088989258,0.7142062187194824
mol_0889,CHEMBL457388,140.0,6.85,0.08230301857700358,7.0845842361450195,0.7736477851867676
mol_0890,CHEMBL212264,140.0,6.85,0.002187954566772979,8.659961700439453,0.8785408735275269
mol_0891,CHEMBL454646,140.0,6.85,0.0023366090981183788,8.63141393661499,0.9390332698822021
mol_0892,CHEMBL6176478,145.0,6.84,0.011116121212617534,7.954046726226807,0.3719061613082886
mol_0893,CHEMBL6021833,143.0,6.84,0.004135886055681382,8.383431434631348,0.6971138715744019
mol_0894,CHEMBL5775801,146.0,6.84,0.007139781187685339,8.146315097808838,0.637201189994812
mol_0895,CHEMBL4855785,146.85,6.83,0.05587930987052116,7.252748966217041,0.4581398665904999
mol_0896,CHEMBL522464,149.0,6.83,0.03674610368066483,7.434788703918457,0.6704527139663696
mol_0897,CHEMBL4461579,147.0,6.83,0.003436260520209533,8.463913917541504,0.6206709146499634
mol_0898,CHEMBL5775992,151.0,6.82,0.0037485640585609684,8.426135063171387,0.740397572517395
mol_0899,CHEMBL1933343,150.0,6.82,0.06579479351694854,7.1818084716796875,0.817089855670929
mol_0900,CHEMBL73189,150.0,6.82,0.11010430848612633,6.958195686340332,0.7967236042022705
mol_0901,CHEMBL3960677,150.0,6.82,0.012926351000346687,7.888524055480957,0.6725544929504395
mol_0902,CHEMBL4864688,155.0,6.81,0.00999023294549858,8.0004243850708,0.5992292165756226
mol_0903,CHEMBL1642655,154.88,6.81,0.7361321017279435,6.133044242858887,0.1820971965789795
mol_0904,CHEMBL5537078,156.4,6.81,0.043267405172544945,7.363839149475098,0.8594337105751038
mol_0905,CHEMBL5859057,154.0,6.81,0.004641368000490626,8.333353996276855,0.654969334602356
mol_0906,CHEMBL2011940,155.0,6.81,0.024905133369487006,7.603711128234863,0.7317197918891907
mol_0907,CHEMBL6012656,154.0,6.81,0.0030407100260349366,8.517024993896484,0.7430214881896973
mol_0908,CHEMBL1809117,158.49,6.8,3.334419733409323,5.476979732513428,0.1987692415714264
mol_0909,CHEMBL364172,160.0,6.8,0.002134225586030791,8.670759677886963,0.8489656448364258
mol_0910,CHEMBL3979266,160.0,6.8,0.00951089564320694,8.021778583526611,0.395392507314682
mol_0911,CHEMBL523923,160.0,6.8,0.14975840197714524,6.82460880279541,0.48070812225341797
mol_0912,CHEMBL3655769,160.0,6.8,0.01391336377907956,7.856567859649658,0.9372584819793701
mol_0913,CHEMBL565160,160.0,6.8,0.08794410118224182,7.055793285369873,0.7622605562210083
mol_0914,CHEMBL3967588,160.0,6.8,0.014833142781141173,7.828766822814941,0.42255640029907227
mol_0915,CHEMBL2348158,160.0,6.8,0.08993148842088765,7.046088218688965,0.673580527305603
mol_0916,CHEMBL5432928,160.0,6.8,0.02877301212173873,7.541014671325684,0.6330958604812622
mol_0917,CHEMBL458421,160.0,6.8,0.008257483334173905,8.083152294158936,0.6724231839179993
mol_0918,CHEMBL505474,158.0,6.8,0.024866607039748433,7.60438346862793,0.8215857148170471
mol_0919,CHEMBL2348161,160.0,6.8,0.1073214121338346,6.969313621520996,0.5668373703956604
mol_0920,CHEMBL5285495,160.0,6.8,0.7746662194891256,6.110885381698608,0.5589506030082703
mol_0922,CHEMBL4761637,162.0,6.79,0.005302953540632949,8.275482177734375,0.7128788232803345
mol_0923,CHEMBL4876497,163.95,6.79,0.013850582806977374,7.858531951904297,0.5272136926651001
mol_0924,CHEMBL4463716,167.0,6.78,0.0028062281588926504,8.55187702178955,0.6909216046333313
mol_0925,CHEMBL3673434,168.0,6.78,0.04531110990786042,7.343795299530029,0.6547204256057739
mol_0926,CHEMBL319831,166.0,6.78,0.04162161829872124,7.380681037902832,0.9159481525421143
mol_0927,CHEMBL324186,164.82,6.78,3.001690913846812,5.522634029388428,0.5996679067611694
mol_0928,CHEMBL495754,168.0,6.78,0.2207894944197174,6.656021595001221,0.7730858325958252
mol_0929,CHEMBL5557384,166.8,6.78,0.0042757560269794425,8.368987083435059,0.745278000831604
mol_0930,CHEMBL5591731,167.0,6.78,0.001024878940633638,8.989327430725098,0.9549335241317749
mol_0931,CHEMBL3959283,170.0,6.77,0.0081691092035911,8.087825298309326,0.5795038342475891
mol_0932,CHEMBL8817,170.0,6.77,0.07275069535147134,7.138162851333618,0.6799321174621582
mol_0933,CHEMBL3642652,170.0,6.77,0.03624673990129329,7.440731048583984,0.8357505798339844
mol_0934,CHEMBL189657,169.0,6.77,6.9578460973436265,5.157525181770325,0.1746520698070526
mol_0935,CHEMBL404747,170.0,6.77,0.022517094974017635,7.647487640380859,0.8638087511062622
mol_0936,CHEMBL192126,169.82,6.77,0.47740046457227625,6.321117162704468,0.6545853018760681
mol_0937,CHEMBL4742169,168.9,6.77,0.017035137899518913,7.7686543464660645,0.6707180738449097
mol_0938,CHEMBL428690,170.0,6.77,0.08387630639646826,7.076360702514648,0.6837418079376221
mol_0939,CHEMBL5542666,173.4,6.76,0.013000534849135187,7.886038780212402,0.8380249738693237
mol_0940,CHEMBL5556871,174.7,6.76,0.014263412494363041,7.845776557922363,0.8985415697097778
mol_0941,CHEMBL5763252,174.0,6.76,0.001606753691934231,8.794050693511963,0.7024256587028503
mol_0942,CHEMBL4776271,174.0,6.76,0.012399598729005097,7.90659236907959,0.8438855409622192
mol_0943,CHEMBL193643,180.0,6.75,0.03610383130858396,7.442446708679199,0.8376427292823792
mol_0944,CHEMBL254269,180.0,6.75,0.015122832451634295,7.820366859436035,0.5571951270103455
mol_0945,CHEMBL3981911,180.0,6.75,0.021003716251493672,7.677703857421875,0.6210523247718811
mol_0946,CHEMBL233149,180.0,6.75,0.04962005636499969,7.304342746734619,0.5873205661773682
mol_0947,CHEMBL3905910,180.0,6.75,0.1175604500545516,6.929738759994507,0.2813691198825836
mol_0948,CHEMBL3897217,180.0,6.75,0.026299941154304014,7.580045223236084,0.6160281896591187
mol_0949,CHEMBL559301,180.0,6.75,0.09169554217382896,7.037651777267456,0.37248578667640686
mol_0950,CHEMBL5558477,175.7,6.75,0.01430142442185211,7.844620704650879,0.802177906036377
mol_0951,CHEMBL3905335,180.0,6.75,0.022854643788722043,7.641025543212891,0.5731473565101624
mol_0952,CHEMBL1081831,185.0,6.73,0.2301103178853879,6.638063907623291,0.2864093780517578
mol_0953,CHEMBL4793573,185.0,6.73,0.010886902537654728,7.963095664978027,0.8703070878982544
mol_0954,CHEMBL3972676,187.0,6.73,0.009898126882511673,8.004446983337402,0.599807858467102
mol_0955,CHEMBL2011934,187.0,6.73,0.01709241168934455,7.7671966552734375,0.6468445658683777
mol_0956,CHEMBL5512555,187.6,6.73,0.05217924917796901,7.282502174377441,0.8067901134490967
mol_0957,CHEMBL1823630,190.0,6.72,0.08172599022013399,7.087639808654785,0.13119640946388245
mol_0958,CHEMBL5411187,188.71,6.72,0.22938559378871837,6.639433860778809,0.08646734803915024
mol_0959,CHEMBL292864,190.0,6.72,0.08676231415794318,7.061668872833252,0.6112424731254578
mol_0960,CHEMBL4161364,190.0,6.72,7.0948362002624314,5.149057626724243,0.4508563280105591
mol_0961,CHEMBL5284748,190.0,6.72,0.009745087517118929,8.011214256286621,0.8031160831451416
mol_0962,CHEMBL392775,190.0,6.72,0.04680300961839449,7.329726219177246,0.4097108244895935
mol_0963,CHEMBL5415967,193.21,6.71,0.05207628505507098,7.283360004425049,0.687224268913269
mol_0964,CHEMBL5759958,193.0,6.71,0.004856753413405596,8.313653945922852,0.7524742484092712
mol_0965,CHEMBL419720,200.0,6.7,0.04999657764256003,7.301059722900391,0.6307033896446228
mol_0966,CHEMBL1080892,198.0,6.7,0.013045447017557898,7.884541034698486,0.5265423655509949
mol_0967,CHEMBL84436,200.0,6.7,1.1018593942823012,5.957873821258545,0.8110307455062866
mol_0968,CHEMBL402910,200.0,6.7,0.4627179458437479,6.334683656692505,0.8484668135643005
mol_0969,CHEMBL1630118,200.0,6.7,0.4097813284054687,6.387447834014893,0.07946556061506271
mol_0970,CHEMBL510566,200.0,6.7,0.0028705895269392446,8.542028903961182,0.923803448677063
mol_0971,CHEMBL1922123,200.0,6.7,0.04515575976222071,7.345286846160889,0.9395923614501953
mol_0972,CHEMBL3895782,202.0,6.7,0.021536077195991273,7.666833400726318,0.5955374240875244
mol_0973,CHEMBL3937866,200.0,6.7,0.016565622626136714,7.780792236328125,0.41720062494277954
mol_0974,CHEMBL2035046,200.0,6.7,0.008647158827114714,8.063126564025879,0.914356529712677
mol_0975,CHEMBL430703,199.99,6.7,4.6166571289786305,5.335672378540039,0.5896812677383423
mol_0976,CHEMBL1800459,200.0,6.7,14.659719317982525,4.833874344825745,0.10457295924425125
mol_0977,CHEMBL1809113,199.53,6.7,0.3879735326177663,6.411197900772095,0.14840836822986603
mol_0978,CHEMBL312018,204.0,6.69,1.1278475105548211,5.947749614715576,0.6278990507125854
mol_0979,CHEMBL3943554,204.0,6.69,0.009642369910098657,8.01581621170044,0.46676141023635864
mol_0980,CHEMBL3942483,203.0,6.69,0.025191646953298247,7.598743438720703,0.672128438949585
mol_0981,CHEMBL72461,210.0,6.68,0.04866313338673935,7.31279993057251,0.899971604347229
mol_0982,CHEMBL5555560,206.7,6.68,0.023919034681971204,7.621256351470947,0.7884597778320312
mol_0983,CHEMBL5774696,207.0,6.68,0.0024298373407830504,8.614422798156738,0.6439846158027649
mol_0984,CHEMBL6038282,212.0,6.67,0.005295087467287353,8.276126861572266,0.7694347500801086
mol_0985,CHEMBL5555057,214.4,6.67,0.03433854271916541,7.4642181396484375,0.9108480215072632
mol_0986,CHEMBL365046,214.0,6.67,0.07223909188373964,7.141227722167969,0.5803817510604858
mol_0987,CHEMBL6014795,212.0,6.67,0.02325794967090675,7.633428573608398,0.767677366733551
mol_0988,CHEMBL5419652,220.0,6.66,0.6724220772725314,6.17235803604126,0.19765302538871765
mol_0989,CHEMBL3917892,220.0,6.66,0.02141659704123386,7.669249534606934,0.6345848441123962
mol_0990,CHEMBL563366,220.0,6.66,0.2510453260116424,6.600247859954834,0.7884597778320312
mol_0991,CHEMBL418203,220.0,6.66,0.08003070722548634,7.09674334526062,0.6804929971694946
mol_0992,CHEMBL102636,220.0,6.66,0.48730234360814495,6.312201499938965,0.7031891345977783
mol_0993,CHEMBL482211,220.0,6.66,0.11060793576083199,6.956213712692261,0.8388823866844177
mol_0994,CHEMBL4077967,220.0,6.66,0.45059827028726585,6.346210479736328,0.26166266202926636
mol_0995,CHEMBL3962241,220.0,6.66,0.02620482200606857,7.581618785858154,0.6709111928939819
mol_0996,CHEMBL3944304,220.0,6.66,0.00611077222580718,8.213903903961182,0.6257219910621643
mol_0997,CHEMBL1922120,220.0,6.66,0.0493176870930917,7.306997299194336,0.9043562412261963
mol_0998,CHEMBL3953160,220.0,6.66,0.009649857767320367,8.01547908782959,0.5304206013679504
mol_0999,CHEMBL112442,223.87,6.65,0.9733287550122283,6.011740446090698,0.7779209613800049
mol_1000,CHEMBL2035049,230.0,6.64,0.011160342347308066,7.952322483062744,0.6245840787887573
mol_1001,CHEMBL365847,230.0,6.64,0.2139422290702527,6.669703483581543,0.4272926449775696
mol_1002,CHEMBL3912866,230.0,6.64,0.01216521319338243,7.914880275726318,0.5712748765945435
mol_1003,CHEMBL251796,230.0,6.64,0.008998739320106907,8.045818328857422,0.5902572870254517
mol_1004,CHEMBL516003,230.0,6.64,0.014816767939425912,7.829246520996094,0.621525764465332
mol_1005,CHEMBL519715,230.0,6.64,0.1898358574352362,6.721621751785278,0.7516723275184631
mol_1006,CHEMBL496162,230.0,6.64,0.0403033325159935,7.394659042358398,0.6470258831977844
mol_1007,CHEMBL4756595,231.0,6.64,0.04478057525623612,7.348910331726074,0.6885280609130859
mol_1008,CHEMBL5175160,230.0,6.64,0.001370265049815871,8.863195419311523,0.914870023727417
mol_1009,CHEMBL524629,229.0,6.64,0.09922963582233499,7.003358602523804,0.7520493268966675
mol_1010,CHEMBL5202522,233.0,6.63,2.611264143502147,5.583149194717407,0.7733004093170166
mol_1011,CHEMBL6141840,235.5,6.63,0.05266080845056591,7.278512477874756,0.7543307542800903
mol_1012,CHEMBL4449998,232.0,6.63,0.0026002564020347033,8.584983825683594,0.7607998847961426
mol_1013,CHEMBL3822583,232.0,6.63,0.01150388208106413,7.939155578613281,0.7737365961074829
mol_1014,CHEMBL477038,237.0,6.62,0.01199549339657526,7.9209818840026855,0.7627531290054321
mol_1015,CHEMBL3960348,240.0,6.62,0.01760167388488279,7.754446029663086,0.6267482042312622
mol_1016,CHEMBL5407116,239.7,6.62,0.5071292451225581,6.294881343841553,0.1677832156419754
mol_1017,CHEMBL5170195,240.0,6.62,0.015773616933945377,7.802068710327148,0.7570219039916992
mol_1018,CHEMBL225519,240.0,6.62,21.46029628264573,4.6683642864227295,0.24509581923484802
mol_1019,CHEMBL482368,247.0,6.61,0.5854221733993625,6.232530832290649,0.35124149918556213
mol_1020,CHEMBL560839,248.0,6.61,0.06112912890354781,7.213751792907715,0.7026067972183228
mol_1021,CHEMBL210581,247.0,6.61,0.005981921186740755,8.223159313201904,0.8791120648384094
mol_1022,CHEMBL5828906,249.0,6.6,0.0054230889871221275,8.265753269195557,0.5936028957366943
mol_1023,CHEMBL3949630,250.0,6.6,0.007108399563143424,8.148228168487549,0.5820862650871277
mol_1024,CHEMBL1800460,250.0,6.6,55.687512417470984,4.254242181777954,0.1245025098323822
mol_1025,CHEMBL1809110,251.19,6.6,0.12883029904984977,6.889981985092163,0.4360015094280243
mol_1026,CHEMBL556214,250.0,6.6,7.546923487825501,5.122230052947998,0.1348554641008377
mol_1027,CHEMBL4752238,251.0,6.6,0.012939926241857148,7.888068199157715,0.7211713790893555
mol_1028,CHEMBL206659,250.0,6.6,0.06478277411156601,7.188540458679199,0.8282536268234253
mol_1029,CHEMBL232749,250.0,6.6,0.0984962929792992,7.006580114364624,0.3944019675254822
mol_1030,CHEMBL417228,250.0,6.6,0.20983927538235037,6.678113222122192,0.5575326085090637
mol_1031,CHEMBL5406341,250.0,6.6,0.03081609735506301,7.5112223625183105,0.5129058361053467
mol_1032,CHEMBL3823301,254.0,6.59,0.014872934312627852,7.827603340148926,0.7980668544769287
mol_1033,CHEMBL3986852,265.0,6.58,0.02524802442885643,7.597772598266602,0.47985097765922546
mol_1034,CHEMBL5940888,264.0,6.58,0.006099611326058014,8.21469783782959,0.8440824747085571
mol_1035,CHEMBL382607,260.0,6.58,0.011371483544316077,7.944182872772217,0.7319302558898926
mol_1036,CHEMBL4756935,264.0,6.58,0.01300464642353827,7.88590145111084,0.7677600383758545
mol_1037,CHEMBL210765,266.0,6.58,0.014034571386795827,7.8528008460998535,0.8495246171951294
mol_1038,CHEMBL5573043,263.0,6.58,0.0001654820733786956,9.781249046325684,0.9752323031425476
mol_1039,CHEMBL6144286,266.9,6.57,0.032421796690175225,7.489162921905518,0.791474461555481
mol_1040,CHEMBL212049,270.0,6.57,0.31452446914367854,6.502345561981201,0.5181584358215332
mol_1041,CHEMBL5281785,269.0,6.57,0.028633872882800844,7.54311990737915,0.7175379991531372
mol_1042,CHEMBL57446,270.0,6.57,2.8812702678806477,5.54041600227356,0.3321511745452881
mol_1043,CHEMBL380331,270.0,6.57,0.05871985842941369,7.231215000152588,0.8021138906478882
mol_1044,CHEMBL2035052,270.0,6.57,0.0023235412084585375,8.633849620819092,0.7692337036132812
mol_1045,CHEMBL5807535,267.0,6.57,0.01749145692716926,7.757174015045166,0.7964504361152649
mol_1046,CHEMBL3978185,270.0,6.57,0.04095568784487843,7.387685775756836,0.817888617515564
mol_1047,CHEMBL1082016,276.0,6.56,0.47125391017352053,6.32674503326416,0.22120419144630432
mol_1049,CHEMBL5832188,281.0,6.55,0.004427335999905168,8.353857517242432,0.6647379994392395
mol_1050,CHEMBL1688215,280.0,6.55,3.3134368069247278,5.479721307754517,0.4023112654685974
mol_1051,CHEMBL3923419,290.0,6.54,0.012670665199598523,7.897200584411621,0.3704472780227661
mol_1052,CHEMBL1081853,285.0,6.54,0.5793870428492279,6.2370312213897705,0.1506834477186203
mol_1053,CHEMBL4752989,286.0,6.54,0.003723480447156665,8.429050922393799,0.8742957711219788
mol_1054,CHEMBL324942,289.73,6.54,1.0868348815795676,5.963836431503296,0.6971209049224854
mol_1055,CHEMBL5398705,285.5,6.54,0.5998360197176822,6.221967458724976,0.09514084458351135
mol_1056,CHEMBL3955818,291.0,6.54,0.03851677948654751,7.4143500328063965,0.5910643339157104
mol_1057,CHEMBL3890286,288.0,6.54,0.03317151481813171,7.47923469543457,0.7534165382385254
mol_1058,CHEMBL3655775,290.0,6.54,0.26077887161379393,6.583727598190308,0.8359769582748413
mol_1059,CHEMBL458548,295.0,6.53,0.007986405908312025,8.097648620605469,0.910740077495575
mol_1060,CHEMBL5765752,294.0,6.53,0.003677161100141474,8.434487342834473,0.7904942631721497
mol_1061,CHEMBL5883845,294.0,6.53,0.0034738843280344993,8.459184646606445,0.7582184076309204
mol_1062,CHEMBL84347,294.0,6.53,0.4829856323430768,6.316065788269043,0.5688344836235046
mol_1063,CHEMBL5423185,300.0,6.52,0.0630679191486499,7.200191497802734,0.3375750780105591
mol_1064,CHEMBL419534,300.0,6.52,0.00704764335598491,8.15195608139038,0.8308124542236328
mol_1065,CHEMBL1800462,300.0,6.52,17.993390514142085,4.744886994361877,0.07007361203432083
mol_1066,CHEMBL293113,300.0,6.52,0.1296577414978102,6.887201547622681,0.5427014231681824
mol_1067,CHEMBL5417371,301.0,6.52,1.0283100056317869,5.987875938415527,0.08317658305168152
mol_1068,CHEMBL5935906,301.0,6.52,0.005657499336827667,8.24737548828125,0.6907285451889038
mol_1069,CHEMBL5932825,304.0,6.52,0.009539519932252051,8.02047348022461,0.7028992176055908
mol_1070,CHEMBL5269468,300.0,6.52,1.4225298553613845,5.846938610076904,0.6130366325378418
mol_1072,CHEMBL5424372,307.77,6.51,0.7289945880642131,6.137275695800781,0.14969569444656372
mol_1073,CHEMBL5867735,306.0,6.51,0.012747187987678155,7.894585609436035,0.662781834602356
mol_1074,CHEMBL2348154,310.0,6.51,0.11621248312778283,6.934747219085693,0.44936513900756836
mol_1075,CHEMBL5409788,305.17,6.51,0.06582463537294496,7.18161153793335,0.07925550639629364
mol_1076,CHEMBL4797409,312.0,6.51,0.03665571965383756,7.435858249664307,0.7761987447738647
mol_1077,CHEMBL272414,310.0,6.51,0.059972505675255805,7.222047805786133,0.7523919343948364
mol_1078,CHEMBL2348164,310.0,6.51,0.13958057455857364,6.855175018310547,0.6537771224975586
mol_1079,CHEMBL5839538,314.0,6.5,0.006749843878581189,8.170706272125244,0.6947125792503357
mol_1080,CHEMBL5532122,316.9,6.5,0.010156295419687074,7.993264675140381,0.8804024457931519
mol_1081,CHEMBL5177986,316.0,6.5,0.000657298096937768,9.18223762512207,0.9640737771987915
mol_1082,CHEMBL1169805,319.0,6.5,0.25318673732364366,6.596559047698975,0.5591704249382019
mol_1083,CHEMBL5757792,314.0,6.5,0.005627934635922039,8.249650955200195,0.6249423623085022
mol_1084,CHEMBL3421981,314.0,6.5,0.481906886942726,6.317036867141724,0.41646480560302734
mol_1085,CHEMBL2035047,320.0,6.5,0.01373919816765004,7.862038612365723,0.8971375823020935
mol_1086,CHEMBL5872006,317.0,6.5,0.004791730687145596,8.319507598876953,0.5965661406517029
mol_1087,CHEMBL5557963,316.3,6.5,0.031786768562271486,7.497753620147705,0.8205840587615967
mol_1088,CHEMBL4649135,321.0,6.49,0.010023810074212075,7.998967170715332,0.9359489679336548
mol_1089,CHEMBL1076581,323.0,6.49,0.0007989054506676331,9.097504615783691,0.8653790950775146
mol_1090,CHEMBL189607,324.0,6.49,0.05914243800790007,7.228100776672363,0.580060601234436
mol_1091,CHEMBL6161225,333.9,6.48,0.041843159488662775,7.37837553024292,0.6814518570899963
mol_1092,CHEMBL561179,330.0,6.48,2.013982491769908,5.695944309234619,0.14172595739364624
mol_1093,CHEMBL5950277,334.0,6.48,0.0026794270346679654,8.571958065032959,0.7770168781280518
mol_1094,CHEMBL3949057,330.0,6.48,0.03149917083646647,7.5017008781433105,0.7463167905807495
mol_1095,CHEMBL2035182,330.0,6.48,0.07457518794308919,7.127405643463135,0.7505481243133545
mol_1096,CHEMBL4788401,334.0,6.48,0.008697319294728017,8.060614585876465,0.8690483570098877
mol_1097,CHEMBL3932396,330.0,6.48,0.022629865288663478,7.645318031311035,0.5164610147476196
mol_1098,CHEMBL4777981,328.0,6.48,0.002490710227245752,8.603676795959473,0.7840023636817932
mol_1099,CHEMBL4115060,342.0,6.47,0.014910294887001711,7.826513767242432,0.5666407942771912
mol_1100,CHEMBL5418073,340.87,6.47,1.1816160652849892,5.927523612976074,0.13206452131271362
mol_1101,CHEMBL318522,341.0,6.47,2.4248895037565728,5.615308046340942,0.5955772995948792
mol_1102,CHEMBL445607,340.0,6.47,0.011962270680412286,7.922186374664307,0.7777529358863831
mol_1103,CHEMBL3972796,350.0,6.46,0.027178176457730886,7.565779685974121,0.7378575205802917
mol_1104,CHEMBL5198038,350.0,6.46,0.04729312498125714,7.325201988220215,0.8057036399841309
mol_1105,CHEMBL5774515,346.0,6.46,0.006138174171850078,8.211960792541504,0.712950587272644
mol_1106,CHEMBL1081119,348.0,6.46,0.18942121894487265,6.72257137298584,0.258074551820755
mol_1107,CHEMBL2011935,345.0,6.46,0.012535362626108666,7.901863098144531,0.7844276428222656
mol_1108,CHEMBL497306,350.0,6.46,0.028207220802859645,7.549639701843262,0.8226515650749207
mol_1109,CHEMBL5190046,350.0,6.46,0.001778552777736181,8.749933242797852,0.9306926727294922
mol_1110,CHEMBL5440832,344.53,6.46,0.06718191637469197,7.172747611999512,0.0793554037809372
mol_1111,CHEMBL203407,350.0,6.46,0.05633350251167376,7.249233245849609,0.8643639087677002
mol_1112,CHEMBL5555666,358.4,6.45,0.015127299651016012,7.8202385902404785,0.8707419633865356
mol_1113,CHEMBL4445727,358.0,6.45,0.009963811062842798,8.001574516296387,0.6922644972801208
mol_1114,CHEMBL5531956,351.4,6.45,0.006222055324679496,8.206066131591797,0.8941769599914551
mol_1115,CHEMBL1800458,360.0,6.44,11.240346528001885,4.949220299720764,0.09987188875675201
mol_1116,CHEMBL5950426,364.0,6.44,0.006054778962710377,8.217901706695557,0.6843002438545227
mol_1117,CHEMBL405042,360.0,6.44,0.1229715506228114,6.910195350646973,0.7588710784912109
mol_1118,CHEMBL3823522,361.0,6.44,0.0466552466579096,7.331099510192871,0.561223566532135
mol_1119,CHEMBL1823663,360.0,6.44,0.460116980764299,6.33713173866272,0.05566041171550751
mol_1120,CHEMBL5981421,368.0,6.43,0.007878470922742525,8.10355806350708,0.6305471658706665
mol_1121,CHEMBL5207533,375.0,6.43,0.010119174215197946,7.994854927062988,0.8058414459228516
mol_1122,CHEMBL503917,370.0,6.43,496.0954269532245,3.3044347763061523,0.4019377827644348
mol_1123,CHEMBL4062453,370.0,6.43,0.0006062781662947535,9.217328071594238,0.5556018352508545
mol_1124,CHEMBL2011928,370.0,6.43,0.006123318194218317,8.213013172149658,0.792454183101654
mol_1125,CHEMBL5421048,370.0,6.43,0.6141575170390206,6.21172022819519,0.20748871564865112
mol_1126,CHEMBL3913590,367.0,6.43,0.02425961367510583,7.615116119384766,0.5782660841941833
mol_1127,CHEMBL5754925,371.0,6.43,0.003981652223303455,8.39993667602539,0.665765643119812
mol_1128,CHEMBL3934257,380.0,6.42,0.019503154718387105,7.709895133972168,0.5981006026268005
mol_1129,CHEMBL82603,376.0,6.42,0.9397512762605192,6.026987075805664,0.7057682871818542
mol_1130,CHEMBL3823007,392.0,6.41,0.05863127638618733,7.231870651245117,0.5829756259918213
mol_1131,CHEMBL2163607,390.0,6.41,0.9242309262098681,6.03421950340271,0.6281572580337524
mol_1132,CHEMBL6146765,393.6,6.41,0.03604176805785263,7.4431939125061035,0.7553682327270508
mol_1133,CHEMBL3822543,392.0,6.41,0.008178622238598247,8.08731985092163,0.7837324142456055
mol_1134,CHEMBL3648098,390.0,6.41,0.008428656631598606,8.074241638183594,0.783095121383667
mol_1135,CHEMBL1922211,390.0,6.41,0.15747089589296723,6.802799701690674,0.8761265277862549
mol_1136,CHEMBL5431456,396.35,6.4,0.28234379378487773,6.549221754074097,0.1413152813911438
mol_1137,CHEMBL485602,400.0,6.4,0.029905424361543635,7.524250030517578,0.8890647888183594
mol_1138,CHEMBL555229,400.0,6.4,4.912313632168055,5.308713912963867,0.32259854674339294
mol_1139,CHEMBL5527858,398.4,6.4,0.022197956690454122,7.653687000274658,0.8937884569168091
mol_1140,CHEMBL5569715,398.0,6.4,0.005834217664633584,8.234017372131348,0.9372504949569702
mol_1141,CHEMBL203571,400.0,6.4,0.05419118906475017,7.266071319580078,0.8790820837020874
mol_1142,CHEMBL3940387,400.0,6.4,0.0013481844016648504,8.870250701904297,0.8487465381622314
mol_1143,CHEMBL5517681,397.9,6.4,0.017909097149040383,7.746926307678223,0.8937305212020874
mol_1144,CHEMBL3109949,400.0,6.4,0.01222932097386288,7.91259765625,0.8888237476348877
mol_1145,CHEMBL1802728,400.0,6.4,0.024848866750158627,7.604693412780762,0.8540135025978088
mol_1146,CHEMBL5199065,396.0,6.4,0.7767635355144921,6.109711170196533,0.3032677173614502
mol_1147,CHEMBL3787112,410.0,6.39,0.20678582428019057,6.684479236602783,0.478793740272522
mol_1148,CHEMBL102241,407.0,6.39,0.08265388457968688,7.0827367305755615,0.7745575904846191
mol_1149,CHEMBL5512517,402.6,6.39,0.011421472322393671,7.942277908325195,0.9045283198356628
mol_1150,CHEMBL3921855,410.0,6.39,0.017723849125328726,7.751441955566406,0.7047731876373291
mol_1151,CHEMBL3976450,410.0,6.39,0.025186917644385992,7.598824977874756,0.708073079586029
mol_1152,CHEMBL569720,410.0,6.39,0.5243596775416914,6.280370712280273,0.3203917443752289
mol_1153,CHEMBL2035045,420.0,6.38,0.018194161322903562,7.740067958831787,0.8565362095832825
mol_1154,CHEMBL6044246,413.0,6.38,0.007903674673822771,8.102170944213867,0.666652500629425
mol_1155,CHEMBL5517691,412.15,6.38,0.06809139201205253,7.166907787322998,0.8532488346099854
mol_1156,CHEMBL248370,412.0,6.38,0.005562264739994922,8.254748344421387,0.9310702085494995
mol_1157,CHEMBL5436482,425.83,6.37,0.6673046190278475,6.175675868988037,0.12875306606292725
mol_1158,CHEMBL365209,428.0,6.37,0.05823536296471277,7.234813213348389,0.44876983761787415
mol_1159,CHEMBL3916775,430.0,6.37,0.014672831149164714,7.833486080169678,0.8059242963790894
mol_1160,CHEMBL1630108,440.0,6.36,0.03767436924711458,7.423954010009766,0.05795583128929138
mol_1161,CHEMBL5558295,433.6,6.36,0.08244180096021668,7.083852529525757,0.8525838851928711
mol_1162,CHEMBL141247,440.0,6.36,0.06847235432046408,7.164484739303589,0.7865520119667053
mol_1163,CHEMBL361196,440.0,6.36,11.980836950816624,4.921512842178345,0.18913590908050537
mol_1164,CHEMBL5518081,436.8,6.36,0.13031474911068935,6.885006427764893,0.7850987315177917
mol_1165,CHEMBL5439522,440.0,6.36,0.08664907469909973,7.062236070632935,0.36990201473236084
mol_1166,CHEMBL1630107,440.0,6.36,0.03512024192982803,7.454442501068115,0.12449423968791962
mol_1167,CHEMBL189937,439.0,6.36,0.007383127297379056,8.131759643554688,0.62031090259552
mol_1168,CHEMBL182419,450.0,6.35,14.296274973342905,4.8447771072387695,0.1334289312362671
mol_1169,CHEMBL1800463,450.0,6.35,3.8993285370154362,5.409010171890259,0.16986018419265747
mol_1170,CHEMBL2064628,450.0,6.35,0.1264391315041179,6.898118495941162,0.6682460308074951
mol_1171,CHEMBL5832698,444.0,6.35,0.005436932568293471,8.264646053314209,0.6618419885635376
mol_1172,CHEMBL1800453,450.0,6.35,8.19028406066659,5.086701035499573,0.10367338359355927
mol_1173,CHEMBL521871,450.0,6.35,0.012094335083369783,7.917418003082275,0.86255943775177
mol_1174,CHEMBL2158861,460.0,6.34,0.042102290655382804,7.375694274902344,0.6094434261322021
mol_1175,CHEMBL578201,460.0,6.34,0.08013199793207947,7.09619402885437,0.30087438225746155
mol_1176,CHEMBL5190590,460.0,6.34,0.0006695775681140917,9.174199104309082,0.9192125797271729
mol_1177,CHEMBL5203908,460.0,6.34,0.003934647705810382,8.405094146728516,0.8919875621795654
mol_1178,CHEMBL5404411,455.48,6.34,0.19936011308660953,6.700361728668213,0.05992642790079117
mol_1179,CHEMBL1630117,460.0,6.34,1.193672595502074,5.923114776611328,0.11059620976448059
mol_1180,CHEMBL189047,455.0,6.34,0.37631601571825274,6.424447298049927,0.7599891424179077
mol_1181,CHEMBL188074,462.0,6.33,0.06902295516619787,7.161006450653076,0.30567866563796997
mol_1182,CHEMBL5402829,470.0,6.33,0.9791602769032459,6.009146213531494,0.28488150238990784
mol_1183,CHEMBL5202653,470.0,6.33,0.335430522826535,6.474397420883179,0.3862091898918152
mol_1184,CHEMBL402548,462.0,6.33,0.5112703282047456,6.291349411010742,0.4743475317955017
mol_1185,CHEMBL260928,484.0,6.32,1.5836392172808318,5.800343751907349,0.54443359375
mol_1186,CHEMBL3644031,480.0,6.32,0.018125273509977082,7.741715431213379,0.8653299808502197
mol_1187,CHEMBL5274920,477.0,6.32,0.008983003992685215,8.046578407287598,0.5375528931617737
mol_1188,CHEMBL4742985,480.0,6.32,0.04036754810825843,7.393967628479004,0.8256704807281494
mol_1189,CHEMBL3354192,476.0,6.32,0.013464757964886394,7.8708014488220215,0.8293154239654541
mol_1190,CHEMBL103039,490.0,6.31,0.340245696362884,6.468207359313965,0.8192241787910461
mol_1191,CHEMBL3822858,494.0,6.31,0.20412579991239715,6.6901021003723145,0.507705569267273
mol_1192,CHEMBL254050,490.0,6.31,0.08804293647502578,7.055305480957031,0.42451953887939453
mol_1193,CHEMBL193456,500.0,6.3,0.01747535144587672,7.757574081420898,0.813666045665741
mol_1194,CHEMBL496568,503.0,6.3,0.0037805060237154522,8.422450065612793,0.9615234732627869
mol_1195,CHEMBL5285145,499.0,6.3,0.03700867913048749,7.43169641494751,0.5550588965415955
mol_1196,CHEMBL257625,500.0,6.3,0.016235473321823225,7.789535045623779,0.9467161893844604
mol_1197,CHEMBL107530,500.0,6.3,2.394617882027694,5.620763778686523,0.6411529183387756
mol_1198,CHEMBL1172241,500.0,6.3,0.018818076662403906,7.725424766540527,0.6545425057411194
mol_1199,CHEMBL3352835,503.0,6.3,0.009807354552549873,8.008448123931885,0.6883045434951782
mol_1200,CHEMBL260929,497.0,6.3,1.4261815199572927,5.8458251953125,0.5841546058654785
mol_1201,CHEMBL100391,500.0,6.3,0.010935517507342233,7.961160659790039,0.8336377739906311
mol_1202,CHEMBL333605,500.03,6.3,4.173121094083106,5.3795390129089355,0.5635298490524292
mol_1203,CHEMBL1957228,501.19,6.3,8.835487783596438,5.053769469261169,0.10951165854930878
mol_1204,CHEMBL1957092,501.19,6.3,1.3916877769664486,5.8564581871032715,0.15331459045410156
mol_1206,CHEMBL1957091,501.19,6.3,1.1999682362571924,5.920830249786377,0.11014494299888611
mol_1207,CHEMBL1957231,501.19,6.3,0.6635019347693588,6.178157806396484,0.08407124876976013
mol_1208,CHEMBL2011941,518.0,6.29,0.009601274619938116,8.01767110824585,0.6232401132583618
mol_1209,CHEMBL3959867,510.0,6.29,0.021607724387934842,7.665390968322754,0.6398372650146484
mol_1210,CHEMBL5417190,515.17,6.29,0.046885662620458825,7.328959941864014,0.0780138447880745
mol_1211,CHEMBL5396190,523.59,6.28,0.5954298183503078,6.22516942024231,0.10065510869026184
mol_1212,CHEMBL522563,530.0,6.28,0.05140103125208665,7.289028167724609,0.7276163101196289
mol_1213,CHEMBL3354191,530.0,6.28,0.09027204754834801,7.044446706771851,0.48726600408554077
mol_1214,CHEMBL251795,520.0,6.28,0.007045322333062994,8.152099132537842,0.6080167889595032
mol_1215,CHEMBL57639,530.0,6.28,0.07957984504008592,7.099196910858154,0.5365462899208069
mol_1217,CHEMBL2158865,520.0,6.28,0.05337264966609132,7.27268123626709,0.5904518365859985
mol_1218,CHEMBL509772,538.0,6.27,0.014470351101532674,7.8395209312438965,0.8820061683654785
mol_1219,CHEMBL254895,540.0,6.27,0.002945607398001897,8.530825138092041,0.6017056703567505
mol_1220,CHEMBL3965161,540.0,6.27,0.049255833885390135,7.307542324066162,0.7274942398071289
mol_1221,CHEMBL5436647,533.56,6.27,0.500207369033422,6.300849914550781,0.08752959966659546
mol_1222,CHEMBL289422,540.0,6.27,0.1970939096324114,6.705326795578003,0.7272536158561707
mol_1223,CHEMBL392614,555.0,6.26,0.00436659504513757,8.359857082366943,0.9037277698516846
mol_1224,CHEMBL3822943,545.0,6.26,0.045170387975541376,7.345146179199219,0.4873778223991394
mol_1225,CHEMBL2348159,550.0,6.26,0.14815759345922616,6.829276084899902,0.4428611993789673
mol_1226,CHEMBL245535,551.0,6.26,0.0026374228920945757,8.57882022857666,0.9324690103530884
mol_1227,CHEMBL5270227,550.0,6.26,0.036471653397472076,7.438044548034668,0.5365303754806519
mol_1228,CHEMBL489833,550.0,6.26,0.0030441908091267387,8.516528129577637,0.7818438410758972
mol_1229,CHEMBL186952,547.0,6.26,0.05146766910317057,7.28846549987793,0.5762413740158081
mol_1231,CHEMBL2158011,560.0,6.25,0.03490699656109704,7.457087516784668,0.616852879524231
mol_1232,CHEMBL5762588,567.0,6.25,0.003575062934434875,8.44671630859375,0.6403168439865112
mol_1233,CHEMBL5848732,558.0,6.25,0.0026910668603209362,8.570075511932373,0.7422178983688354
mol_1234,CHEMBL3934755,560.0,6.25,0.027822277702323116,7.555607318878174,0.6073219180107117
mol_1235,CHEMBL396614,570.0,6.24,0.06815923446515265,7.166475296020508,0.4290367364883423
mol_1236,CHEMBL5280467,577.0,6.24,0.008480863904698335,8.07155990600586,0.7014046907424927
mol_1237,CHEMBL5559108,571.5,6.24,0.023984964460175295,7.620060920715332,0.7804977297782898
mol_1238,CHEMBL563150,574.0,6.24,1.14356955995025,5.941737413406372,0.5712660551071167
mol_1239,CHEMBL4527978,580.0,6.24,1.1246163931702478,5.948995590209961,0.24612265825271606
mol_1240,CHEMBL3655776,570.0,6.24,0.40088315436095256,6.396982192993164,0.7814540863037109
mol_1241,CHEMBL553906,570.0,6.24,33.28248339402652,4.477784276008606,0.21671509742736816
mol_1243,CHEMBL3421962,577.0,6.24,0.2815859286619919,6.550389051437378,0.7572515606880188
mol_1244,CHEMBL3896827,570.0,6.24,0.017129911202704906,7.766244888305664,0.5430588722229004
mol_1245,CHEMBL2442291,580.0,6.24,0.013735382176401289,7.862159252166748,0.5773580074310303
mol_1246,CHEMBL5570663,585.0,6.23,0.0004517346298228182,9.34511661529541,0.9835765361785889
mol_1247,CHEMBL5641843,590.0,6.23,22.083652844721254,4.655929088592529,0.19984625279903412
mol_1248,CHEMBL507249,590.0,6.23,0.005618142894627736,8.250407218933105,0.8980203866958618
mol_1249,CHEMBL278894,600.0,6.22,1.2195510904460451,5.913800001144409,0.07982973754405975
mol_1250,CHEMBL420135,600.0,6.22,2.400098117359036,5.6197710037231445,0.7612838745117188
mol_1251,CHEMBL3884319,605.0,6.22,0.008485045858868478,8.071345806121826,0.7459584474563599
mol_1252,CHEMBL1242833,600.0,6.22,1.5865412713126266,5.799548625946045,0.08705500513315201
mol_1253,CHEMBL1081629,607.0,6.22,0.027680927225105657,7.557819366455078,0.18759635090827942
mol_1254,CHEMBL397531,605.0,6.22,0.013848697222694767,7.858591079711914,0.9082042574882507
mol_1255,CHEMBL188673,603.0,6.22,0.05851114770462701,7.232761383056641,0.34956252574920654
mol_1256,CHEMBL418985,602.0,6.22,0.29055682869823884,6.536768913269043,0.6747177839279175
mol_1257,CHEMBL5269885,595.0,6.22,0.004437668002763388,8.352845191955566,0.7127566337585449
mol_1258,CHEMBL3621496,610.0,6.21,0.007243677815651013,8.140040874481201,0.6427966952323914
mol_1259,CHEMBL4297488,620.0,6.21,0.04913770097010121,7.308585166931152,0.9040369987487793
mol_1260,CHEMBL233970,610.0,6.21,0.1886538879836417,6.724334239959717,0.34405210614204407
mol_1261,CHEMBL3955667,616.0,6.21,0.01408495780818137,7.8512444496154785,0.5345668792724609
mol_1262,CHEMBL392615,612.0,6.21,0.011450489750609989,7.941175937652588,0.8809131383895874
mol_1263,CHEMBL73645,620.0,6.21,0.14860202475065842,6.827975273132324,0.8206136226654053
mol_1264,CHEMBL3642653,620.0,6.21,0.09515836259358795,7.021553039550781,0.8569329380989075
mol_1265,CHEMBL5426122,621.93,6.21,0.42328365472663554,6.373368501663208,0.11804212629795074
mol_1266,CHEMBL5283549,609.0,6.21,0.015811694841715036,7.801021575927734,0.6987932324409485
mol_1267,CHEMBL1957102,630.96,6.2,0.5727597341937216,6.242027521133423,0.14580990374088287
mol_1268,CHEMBL3984385,630.0,6.2,0.03611766849235351,7.442280292510986,0.3723910450935364
mol_1269,CHEMBL4471323,630.0,6.2,1.7022199738476598,5.768984317779541,0.08858645707368851
mol_1270,CHEMBL2207198,630.0,6.2,0.16540677901845102,6.781446695327759,0.7337163686752319
mol_1271,CHEMBL3967732,628.0,6.2,0.013395762222307404,7.873032569885254,0.5278379917144775
mol_1272,CHEMBL115047,630.0,6.2,1.5177975789455966,5.818786144256592,0.6765474677085876
mol_1273,CHEMBL421207,631.0,6.2,2.0504586924633585,5.6881489753723145,0.6168804168701172
mol_1274,CHEMBL232123,630.0,6.2,0.2890584440059718,6.5390143394470215,0.43702366948127747
mol_1275,CHEMBL1957226,630.96,6.2,3.0733077320287654,5.512393951416016,0.1679592728614807
mol_1276,CHEMBL6007400,647.0,6.19,0.0036903302989883605,8.432934761047363,0.5968996286392212
mol_1277,CHEMBL114432,650.0,6.19,2.228921132320732,5.651905298233032,0.6282356977462769
mol_1278,CHEMBL232737,640.0,6.19,0.05087683431310373,7.293479919433594,0.6692661046981812
mol_1279,CHEMBL260231,639.0,6.19,1.8891184252993094,5.723740816116333,0.3778466582298279
mol_1280,CHEMBL3934575,646.0,6.19,0.03438494785405428,7.463631629943848,0.4576490521430969
mol_1281,CHEMBL5199259,642.0,6.19,0.0008483471562889711,9.071426391601562,0.9555789232254028
mol_1282,CHEMBL6191482,650.0,6.19,0.07460450690029453,7.127234935760498,0.8625993728637695
mol_1283,CHEMBL5787921,661.0,6.18,0.018132279942407625,7.741547584533691,0.6799538731575012
mol_1284,CHEMBL455946,660.0,6.18,0.9232962914436754,6.034658908843994,0.717674732208252
mol_1286,CHEMBL1823655,680.0,6.17,0.6342617260731583,6.1977314949035645,0.035443250089883804
mol_1287,CHEMBL4446626,670.0,6.17,0.0039612712969382844,8.402165412902832,0.7112998962402344
mol_1288,CHEMBL74680,680.0,6.17,0.020335828532207962,7.691738128662109,0.785912275314331
mol_1289,CHEMBL2035048,680.0,6.17,0.013062761109556644,7.883965015411377,0.9007062315940857
mol_1290,CHEMBL5179962,670.0,6.17,0.0008679928345068745,9.06148386001587,0.9560443162918091
mol_1291,CHEMBL460746,700.0,6.16,0.824911478399769,6.083592653274536,0.4541352391242981
mol_1293,CHEMBL133342,700.0,6.16,0.3653188974145805,6.437327861785889,0.7636765241622925
mol_1294,CHEMBL4455210,700.0,6.16,0.007180637865446391,8.143836975097656,0.6525773406028748
mol_1295,CHEMBL14762,700.0,6.16,0.34989995126122175,6.456056118011475,0.7666493058204651
mol_1297,CHEMBL5633539,689.4,6.16,0.01939965976067233,7.71220588684082,0.574038028717041
mol_1298,CHEMBL3823030,700.0,6.16,0.07831442136952785,7.106158256530762,0.6499682664871216
mol_1299,CHEMBL5505818,697.6,6.16,0.033145447676590625,7.479576110839844,0.8564432859420776
mol_1300,CHEMBL6056335,689.0,6.16,0.007279763835547901,8.137882709503174,0.780055582523346
mol_1301,CHEMBL507536,690.0,6.16,0.45743921739268245,6.3396666049957275,0.6150854825973511
mol_1302,CHEMBL4744850,689.0,6.16,0.014572583370325966,7.836463451385498,0.7922516465187073
mol_1303,CHEMBL1922121,690.0,6.16,0.19138989427662412,6.718080997467041,0.8278801441192627
mol_1304,CHEMBL430507,700.0,6.16,0.0010737751597587493,8.969086647033691,0.8851596117019653
mol_1305,CHEMBL2163984,700.0,6.16,1.4558590017585655,5.836880683898926,0.7461546659469604
mol_1306,CHEMBL5573816,709.0,6.15,0.0002084746114420278,9.680946826934814,0.9861897826194763
mol_1307,CHEMBL5542710,712.75,6.15,0.08007250049318441,7.0965166091918945,0.8446683883666992
mol_1308,CHEMBL3656841,706.0,6.15,0.028121007495527844,7.550969123840332,0.6542346477508545
mol_1309,CHEMBL111897,704.69,6.15,0.45513544558645214,6.341859340667725,0.6940702199935913
mol_1310,CHEMBL5999796,710.0,6.15,0.014519894566575476,7.83803653717041,0.5887541770935059
mol_1311,CHEMBL1760035,711.0,6.15,0.07558740573438134,7.121550559997559,0.6006656289100647
mol_1312,CHEMBL5573253,708.0,6.15,0.005700040896514978,8.24412202835083,0.9488739967346191
mol_1313,CHEMBL5639303,710.0,6.15,5.6993212252311425,5.244176864624023,0.1092977523803711
mol_1314,CHEMBL2035055,710.0,6.15,0.026537853674883555,7.576134204864502,0.6671714186668396
mol_1315,CHEMBL5542095,708.9,6.15,0.045886153337871285,7.338318347930908,0.8508548736572266
mol_1316,CHEMBL443198,730.0,6.14,1.1299471925042814,5.94694185256958,0.6689469814300537
mol_1317,CHEMBL2436977,720.0,6.14,0.0020103967988435597,8.696718215942383,0.823593020439148
mol_1318,CHEMBL5414410,722.27,6.14,0.2852843314686092,6.544722080230713,0.06597457826137543
mol_1319,CHEMBL203569,730.0,6.14,0.048540505822241724,7.3138957023620605,0.8509082794189453
mol_1320,CHEMBL5591779,734.55,6.13,0.025914153411166135,7.58646297454834,0.802984356880188
mol_1321,CHEMBL5190067,746.0,6.13,0.0010545576715688192,8.976929664611816,0.9429605007171631
mol_1322,CHEMBL5273413,756.0,6.12,0.0006951846008739111,9.157899856567383,0.8064893484115601
mol_1323,CHEMBL3916385,755.0,6.12,0.0166702802746899,7.778057098388672,0.6194844841957092
mol_1324,CHEMBL448316,750.0,6.12,0.04005272287476749,7.39736795425415,0.8002395629882812
mol_1325,CHEMBL5505745,757.4,6.12,0.03366807933164866,7.472781658172607,0.8999425172805786
mol_1326,CHEMBL3906489,780.0,6.11,0.021337124671396278,7.670864105224609,0.6795425415039062
mol_1327,CHEMBL3655774,770.0,6.11,0.2934757439535446,6.532427787780762,0.897905170917511
mol_1328,CHEMBL5177698,780.0,6.11,3.5846199785082917,5.445556879043579,0.267878919839859
mol_1329,CHEMBL3892881,770.0,6.11,0.06873289560700162,7.162835359573364,0.4971081018447876
mol_1330,CHEMBL5169515,770.0,6.11,0.0011232823859551526,8.949511051177979,0.9068648815155029
mol_1331,CHEMBL4538174,790.0,6.1,6.679284147338003,5.175270080566406,0.15396207571029663
mol_1332,CHEMBL1800218,790.0,6.1,32.121804628021714,4.493200063705444,0.20947471261024475
mol_1333,CHEMBL1957085,794.33,6.1,6.370765057312847,5.195808410644531,0.10413610935211182
mol_1334,CHEMBL5555640,793.2,6.1,0.04251936491379707,7.371413230895996,0.8407958745956421
mol_1335,CHEMBL3109955,800.0,6.1,0.04295632076730488,7.366972923278809,0.789038896560669
mol_1336,CHEMBL5276424,802.0,6.1,0.053484048935799375,7.271775722503662,0.7044664621353149
mol_1337,CHEMBL3897592,789.0,6.1,0.010365760210220638,7.98439884185791,0.4727424681186676
mol_1338,CHEMBL83980,800.0,6.1,0.37735017560042633,6.423255443572998,0.8564863801002502
mol_1339,CHEMBL551258,820.0,6.09,1.2365541913298979,5.907786846160889,0.3837694227695465
mol_1340,CHEMBL5527848,805.8,6.09,0.07484271970725466,7.125850439071655,0.8046395182609558
mol_1341,CHEMBL5268968,813.0,6.09,0.01362915818949678,7.865530967712402,0.6994247436523438
mol_1342,CHEMBL3298311,821.0,6.09,0.32242737792135145,6.491568088531494,0.35347533226013184
mol_1343,CHEMBL186396,812.0,6.09,0.0038686225783736497,8.4124436378479,0.24712428450584412
mol_1344,CHEMBL5089164,830.15,6.08,0.0012857036385299976,8.890859127044678,0.8719934225082397
mol_1345,CHEMBL5092606,834.9,6.08,0.0012934556922183892,8.888248443603516,0.9382154941558838
mol_1346,CHEMBL5569109,823.0,6.08,8.41816877217606e-05,10.074782371520996,0.9849354028701782
mol_1347,CHEMBL5288241,823.0,6.08,0.012629622270805276,7.898609638214111,0.6916647553443909
mol_1348,CHEMBL3655766,830.0,6.08,0.06807281631413577,7.1670262813568115,0.9385451078414917
mol_1349,CHEMBL3822962,832.0,6.08,0.10067625796669769,6.99707293510437,0.5204416513442993
mol_1350,CHEMBL5401267,833.5,6.08,0.020822297739411876,7.681471347808838,0.7580956220626831
mol_1351,CHEMBL5416999,860.0,6.07,0.029327699902287244,7.532721996307373,0.7592753171920776
mol_1352,CHEMBL1630110,850.0,6.07,0.010333737636336836,7.985742568969727,0.07731378078460693
mol_1353,CHEMBL3927078,850.0,6.07,0.08745744379329858,7.058203220367432,0.5236697793006897
mol_1355,CHEMBL1630114,850.0,6.07,0.5267017602043054,6.278435230255127,0.06639722734689713
mol_1356,CHEMBL456163,850.0,6.07,3.6469390961960344,5.4380714893341064,0.732157826423645
mol_1357,CHEMBL329040,871.0,6.06,0.05909836294901406,7.228424549102783,0.7494561672210693
mol_1359,CHEMBL315837,900.0,6.05,0.21795040832571547,6.66164231300354,0.710811197757721
mol_1360,CHEMBL1801932,900.0,6.05,0.7973084163240829,6.098373651504517,0.7697957754135132
mol_1362,CHEMBL1630109,920.0,6.04,0.05449644584308939,7.263631820678711,0.10886344313621521
mol_1363,CHEMBL3673435,913.0,6.04,0.027487881726766826,7.560858726501465,0.8286361694335938
mol_1364,CHEMBL5286683,918.0,6.04,0.015913878123049046,7.798223972320557,0.6848058700561523
mol_1365,CHEMBL5434594,920.0,6.04,0.42695519224467726,6.369617700576782,0.36200591921806335
mol_1366,CHEMBL3651854,920.0,6.04,0.15675638473187395,6.804774761199951,0.5567208528518677
mol_1367,CHEMBL3918318,915.0,6.04,0.02072178822022083,7.683572769165039,0.6414614319801331
mol_1368,CHEMBL1800461,940.0,6.03,22.704278835185427,4.643892288208008,0.08175399154424667
mol_1369,CHEMBL3896841,943.0,6.03,0.02341943719842075,7.630423545837402,0.5549246072769165
mol_1370,CHEMBL6148270,932.7,6.03,0.13628297772565712,6.865558385848999,0.8475273847579956
mol_1371,CHEMBL5413829,940.0,6.03,0.09501183798171105,7.022222280502319,0.5146061182022095
mol_1372,CHEMBL193287,960.0,6.02,0.45381635188461206,6.343119859695435,0.796130895614624
mol_1374,CHEMBL187969,984.0,6.01,0.0014114650344753284,8.850329875946045,0.4350071847438812
mol_1375,CHEMBL3125732,984.0,6.01,0.6178781720010964,6.209097146987915,0.3586120009422302
mol_1376,CHEMBL3109953,970.0,6.01,0.16327213910067798,6.787087917327881,0.7750053405761719
mol_1377,CHEMBL3972093,1010.0,6.0,0.026060327081504225,7.584020137786865,0.42268961668014526
mol_1378,CHEMBL3906916,1010.0,6.0,0.021035218391383313,7.677052974700928,0.6814969182014465
mol_1379,CHEMBL333382,1000.0,6.0,11.139604060128022,4.95313024520874,0.26431071758270264
mol_1380,CHEMBL122264,1000.0,6.0,0.08983220980476173,7.046567916870117,0.869822084903717
mol_1382,CHEMBL4097778,1000.0,6.0,1.5087978873167724,5.821368932723999,0.014598101377487183
mol_1383,CHEMBL101311,1000.0,6.0,0.0029827281058591067,8.525386333465576,0.8764282464981079
mol_1384,CHEMBL3961115,990.0,6.0,0.021624907665449073,7.665045738220215,0.574482798576355
mol_1385,CHEMBL127907,1000.0,6.0,5.338747776198504,5.2725605964660645,0.18535512685775757
mol_1386,CHEMBL1922122,1000.0,6.0,0.1981227585505784,6.703065633773804,0.8721534013748169
mol_1387,CHEMBL4549667,1000.0,6.0,0.3285812738145593,6.483357191085815,0.041197288781404495
mol_1388,CHEMBL191845,1000.0,6.0,0.42093346767611106,6.375786542892456,0.4646432101726532
mol_1389,CHEMBL4439321,1000.0,6.0,0.06877573581745218,7.162564754486084,0.7467234134674072
mol_1390,CHEMBL340259,992.0,6.0,0.12847384332558917,6.891185283660889,0.2661498785018921
mol_1391,CHEMBL4088216,1000.0,6.0,2.0024089259675764,5.698447227478027,0.03790303319692612
mol_1392,CHEMBL4073198,1000.0,6.0,0.01505543703866986,7.8223066329956055,0.7285383939743042
mol_1393,CHEMBL504155,990.0,6.0,2.1515219962370233,5.667254209518433,0.7235977649688721
mol_1394,CHEMBL326310,1000.0,6.0,1.9726764785340758,5.704944133758545,0.5891993045806885
mol_1395,CHEMBL114577,990.0,6.0,1.194797622307279,5.92270565032959,0.5407793521881104
mol_1396,CHEMBL446024,1000.0,6.0,0.025617903579924745,7.591456413269043,0.8477348685264587
mol_1397,CHEMBL5589612,1000.0,6.0,0.04321252330495949,7.3643903732299805,0.4271182417869568
mol_1398,CHEMBL101810,1000.0,6.0,0.009322952480569057,8.030446529388428,0.8705906867980957
mol_1399,CHEMBL101119,1000.0,6.0,0.005303069990330813,8.275472640991211,0.8455377817153931
mol_1400,CHEMBL1234088,1000.0,6.0,0.18872474113765764,6.724171161651611,0.6963706612586975
mol_1401,CHEMBL5283398,1000.0,6.0,0.05663129934731253,7.246943473815918,0.8190761804580688
mol_1402,CHEMBL513330,1000.0,6.0,0.18652279986733714,6.7292680740356445,0.6971246004104614
