mol_id,chembl_id,smiles,ic50_nM,pIC50
mol_0001,CHEMBL526110,O=[N+]([O-])c1cccc(Nc2nccc(-c3cnn4ncccc34)n2)c1,0.3,9.52
mol_0002,CHEMBL317703,NS(=O)(=O)c1ccc(Nc2cc(-c3ccc([N+](=O)[O-])cc3)[nH]n2)cc1,0.33,9.48
mol_0003,CHEMBL321517,Nc1ccc(-c2cc(Nc3ccc(S(N)(=O)=O)cc3)[nH]n2)cc1,0.34,9.47
mol_0004,CHEMBL388978,CN[C@@H]1C[C@H]2O[C@@](C)([C@@H]1OC)n1c3ccccc3c3c4c(c5c6ccccc6n2c5c31)C(=O)NC4,0.36,9.44
mol_0005,CHEMBL476577,CC(=O)NC1CN(c2ccc(Nc3ncc(F)c(-c4cnc(C)n4C(C)C)n3)cc2)C1,0.5,9.3
mol_0006,CHEMBL1964259,O=C1Nc2ccc3ncsc3c2/C1=C/Nc1ccc(S(=O)(=O)NCCOCCO)cc1,0.54,9.27
mol_0007,CHEMBL4088242,CC[C@@H](C)Oc1nc(Nc2ccc(S(N)(=O)=O)cc2)nc(N)c1C=O,0.8,9.1
mol_0008,CHEMBL3919361,O=C1NCC2(CCCCC2)n2c1cc1cnc(Nc3ccc(N4CCC(N5CCOCC5)CC4)cn3)nc12,0.857,9.07
mol_0009,CHEMBL509406,Cc1ncc(-c2nc(Nc3ccc(C(=O)NC4CCN(C)CC4)c(F)c3)ncc2F)n1C(C)C,1.0,9.0
mol_0010,CHEMBL559513,CN1CCN(c2cccc(Nc3ncc4c(n3)-c3c(c(C(N)=O)nn3C)CC4)c2)CC1,1.0,9.0
mol_0011,CHEMBL1964249,COCCOCCOCCOCCN(C)S(=O)(=O)c1ccc(N/C=C2\C(=O)Nc3ccc4ncsc4c32)cc1,1.0,9.0
mol_0012,CHEMBL73303,NS(=O)(=O)c1ccc(Nc2nccc(-c3cnc4ccccn34)n2)cc1,1.0,9.0
mol_0013,CHEMBL4292930,Cc1cnn2c(NCc3ccc[n+]([O-])c3)cc(N3CCCC[C@@H]3CCO)nc12,1.0,9.0
mol_0014,CHEMBL478409,COCCNS(=O)(=O)c1ccc(Nc2nccc(-c3cnc(C)n3C(C)C)n2)cc1,1.0,9.0
mol_0015,CHEMBL5266005,CCc1cnn2c(NCc3ccc[n+]([O-])c3)cc(N3CCCC[C@@H]3CCO)nc12,1.0,9.0
mol_0016,CHEMBL2103840,CCc1cnn2c(NCc3ccc[n+]([O-])c3)cc(N3CCCC[C@H]3CCO)nc12,1.0,9.0
mol_0017,CHEMBL5171657,CCc1cnn2c(NCc3ccc[n+]([O-])c3)cc(C3CCCC[C@H]3CCO)nc12,1.0,9.0
mol_0018,CHEMBL1171950,NCCCn1nc(C(N)=O)c2c1-c1nc(Nc3ccccc3)ncc1CC2,1.0,9.0
mol_0019,CHEMBL4462530,CC(=O)N[C@@H]1CCC[C@H](C(=O)Nc2cc(-c3cnn4c3CC(C)(C)C4)c(Cl)cn2)C1,1.0,9.0
mol_0020,CHEMBL3890528,O=C1NCC2(CCCCC2)n2c1cc1cnc(Nc3ccc(N4CCNCC4)cn3)nc12,1.08,8.97
mol_0021,CHEMBL318999,Nc1nc(Nc2ccc(S(N)(=O)=O)cc2)nc(OCC2CCCCC2)c1N=O,1.1,8.96
mol_0022,CHEMBL5201870,COCc1cc(C(=O)Nc2cc([C@H]3CC[C@@H](OC(=O)NC(C)C)C3)[nH]n2)n(C)n1,1.1,8.96
mol_0023,CHEMBL411224,CC(C)Cc1cccc2c1/C(=N/Nc1ccc(S(N)(=O)=O)cc1)C(=O)N2,1.2,8.92
mol_0024,CHEMBL270544,CC(C)=Cc1cccc2c1/C(=N/Nc1ccc(S(N)(=O)=O)cc1)C(=O)N2,1.5,8.82
mol_0025,CHEMBL445945,NS(=O)(=O)c1ccc(N/C=C2\C(=O)Nc3ccc4ncccc4c32)cc1,1.5,8.82
mol_0026,CHEMBL409892,NS(=O)(=O)c1ccc(N/N=C2\C(=O)Nc3ccc4ncccc4c32)cc1,1.6,8.8
mol_0027,CHEMBL271136,COc1cccc(OC)c1CNC(=O)c1ccc2c(c1)/C(=N/Nc1ccc(S(N)(=O)=O)cc1)C(=O)N2,1.7,8.77
mol_0028,CHEMBL429142,CC(C)CC(=O)c1ccc2c(c1)/C(=C/Nc1ccc(S(N)(=O)=O)cc1)C(=O)N2,1.9,8.72
mol_0029,CHEMBL191003,Nc1nc(Nc2ccc(S(N)(=O)=O)cc2)nn1C(=O)c1c(F)cccc1F,2.0,8.7
mol_0030,CHEMBL487067,Cc1ncc(-c2ccnc(Nc3ccc(C(=O)NCCO)cc3)n2)n1C(C)C,2.0,8.7
mol_0031,CHEMBL454648,Cc1ncc(-c2nc(Nc3ccc(C(=O)N(C)C)c(F)c3)ncc2F)n1C(C)C,2.0,8.7
mol_0032,CHEMBL455657,CN[C@H]1CCN(C(=O)c2ccc(Nc3ncc(F)c(-c4cnc(C)n4C(C)C)n3)cc2)C1,2.0,8.7
mol_0033,CHEMBL3648116,C[C@H](Nc1nc(Nc2ccc(S(C)(=N)=O)cc2)ncc1Br)C(C)(C)O,2.0,8.7
mol_0034,CHEMBL259838,O=C(Nc1n[nH]c2nc(-c3ccc(O)c(Cl)c3)ccc12)C1CC1,2.0,8.7
mol_0035,CHEMBL359794,N#Cc1ccc(Nc2nccc(-c3cnn4ncccc34)n2)cc1,2.0,8.7
mol_0036,CHEMBL194721,FC(F)(F)c1cnc(Nc2ccc3[nH]cnc3c2)nc1Nc1ccccc1Cl,2.0,8.7
mol_0037,CHEMBL260416,O=C(Nc1n[nH]c2nc(-c3ccc(O)c(Br)c3)ccc12)C1CC1,2.0,8.7
mol_0038,CHEMBL3648117,C[C@H](O)[C@@H](C)Nc1nc(Nc2ccc(S(C)(=N)=O)cc2)ncc1Br,2.0,8.7
mol_0039,CHEMBL3298985,CC[C@@H](NC(=O)N1CCc2cnc(NC3CCOCC3)nc2C1)c1ccc(C#N)c(Cl)c1,2.0,8.7
mol_0040,CHEMBL560817,CN1CCN(c2ccc(Nc3ncc4c(n3)-c3c(c(C(N)=O)nn3C)CC4)cc2)CC1,2.0,8.7
mol_0041,CHEMBL559845,Cn1nc(C(N)=O)c2c1-c1nc(Nc3ccccc3)ncc1CC2,2.0,8.7
mol_0042,CHEMBL3298199,C[C@@H](NC(=O)N1CCc2cnc(N[C@H]3CCO[C@@H](CO)C3)nc2C1)c1ccc(Cl)c(Cl)c1,2.0,8.7
mol_0043,CHEMBL192602,C[C@H](C(=O)Nc1cc(C2CC2)[nH]n1)c1ccc(N2CCNC2=O)cc1,2.0,8.7
mol_0044,CHEMBL462385,Cc1ncc(-c2nc(Nc3ccc(C(=O)NCCN(C)C)c(F)c3)ncc2F)n1C(C)C,2.0,8.7
mol_0045,CHEMBL460102,Cc1ncc(-c2nc(Nc3ccc(C(=O)N4CC[C@H](N(C)C)C4)cc3)ncc2F)n1C(C)C,2.0,8.7
mol_0046,CHEMBL488257,CNC(=O)c1ccc(Nc2nccc(-c3cnc(C)n3C3CCCC3)n2)cc1,2.0,8.7
mol_0047,CHEMBL355631,COc1cc[nH]c1/C=C1\C(=O)Nc2ccc(F)c(C#C[C@@H]3CCCN3)c21,2.0,8.7
mol_0048,CHEMBL462192,Cc1ncc(-c2nc(Nc3ccc(C(=O)N4CCCN(C)CC4)cc3)ncc2F)n1C(C)C,2.0,8.7
mol_0049,CHEMBL453862,Cc1ncc(-c2nc(Nc3ccc(C(=O)N(C)C)cc3)ncc2F)n1C(C)C,2.0,8.7
mol_0050,CHEMBL190446,C[C@H](C(=O)Nc1cc(C2CC2)[nH]n1)c1ccc(N2Cc3ccccc3C2=O)cc1,2.0,8.7
mol_0051,CHEMBL411887,C/C(Nc1ccc(S(N)(=O)=O)cc1)=C1/C(=O)Nc2ccc(-c3cnco3)cc21,2.0,8.7
mol_0052,CHEMBL495696,N#Cc1cccc(Nc2nccc(-c3cnn4ncccc34)n2)c1,2.0,8.7
mol_0053,CHEMBL460087,CN[C@H]1CCN(C(=O)c2ccc(Nc3nccc(-c4cnc(C)n4C(C)C)n3)cc2)C1,2.0,8.7
mol_0054,CHEMBL4457608,O=C1Nc2ccc([N+](=O)[O-])cc2/C1=C1/Nc2ccc(O)cc2/C1=N\O,2.0,8.7
mol_0055,CHEMBL178769,CN(C)S(=O)(=O)c1ccc(Nc2cc(N[C@H]3CC[C@H](N)CC3)nc3c(Br)cnn23)cc1Cl,2.0,8.7
mol_0056,CHEMBL409731,COC(=O)c1ccc2c(c1)/C(=C/Nc1ccc(S(N)(=O)=O)cc1)C(=O)N2,2.1,8.68
mol_0057,CHEMBL271953,NS(=O)(=O)c1ccc(N/N=C2\C(=O)Nc3ccc(C(=O)NCc4cccnc4)cc32)cc1,2.1,8.68
mol_0058,CHEMBL269882,NS(=O)(=O)c1ccc(N/N=C2\C(=O)Nc3ccc4[nH]nc(Cl)c4c32)cc1,2.2,8.66
mol_0059,CHEMBL4568087,Cn1cc(-c2cnc3c(-c4csc(C(=O)N[C@@H]5CCCC[C@@H]5N)c4)cnn3c2)cn1,2.2,8.66
mol_0060,CHEMBL269827,NS(=O)(=O)c1ccc(N/N=C2\C(=O)Nc3ccc(-c4cnco4)cc32)cc1,2.3,8.64
mol_0061,CHEMBL5095094,CC(C)c1c2cc(-c3nc(Nc4ccc(N5CCNCC5)cn4)ncc3F)ccc2nn1C,2.4,8.62
mol_0062,CHEMBL4077071,CN1CCN(Cc2ccc(NC(=O)c3n[nH]cc3Nc3ncnc4[nH]ccc34)cc2)CC1,2.47,8.61
mol_0063,CHEMBL270132,NS(=O)(=O)c1ccc(N/C=C2\C(=O)Nc3ccc(-c4cnco4)cc32)cc1,2.5,8.6
mol_0064,CHEMBL411426,CC(C)c1cccc2c1/C(=N/Nc1ccc(S(N)(=O)=O)cc1)C(=O)N2,2.5,8.6
mol_0065,CHEMBL1794055,NS(=O)(=O)c1ccc(NC=C2C(=O)Nc3ccc4ncsc4c32)cc1,2.8,8.55
mol_0066,CHEMBL271595,NS(=O)(=O)c1ccc(N/C=C2\C(=O)Nc3ccc4ncsc4c32)cc1,2.8,8.55
mol_0067,CHEMBL5568620,CC(C)c1c2cc(-c3ccnc(Nc4ccc5c(N6CCN(C)CC6)ncnc5c4)n3)ccc2nn1C,2.8,8.55
mol_0068,CHEMBL453629,Cc1ncc(-c2ccnc(Nc3ccc(C(=O)NCCN(C)C)c(F)c3)n2)n1C(C)C,3.0,8.52
mol_0069,CHEMBL478407,Cc1ncc(-c2ccnc(Nc3ccc(F)cc3)n2)n1C(C)C,3.0,8.52
mol_0070,CHEMBL518383,O=C(Nc1ccc(F)cc1)c1n[nH]cc1NC(=O)c1c(F)cccc1F,3.0,8.52
mol_0071,CHEMBL455195,CCC1CC(C(=O)Nc2ncc(SCc3ncc(C(C)(C)C)o3)s2)CCN1,3.0,8.52
mol_0072,CHEMBL354634,COc1cc[nH]c1/C=C1\C(=O)Nc2ccc(F)c(C#C[C@@H](O)[C@@H](N)[C@@H](C)O)c21,3.0,8.52
mol_0073,CHEMBL4644434,CC(C)c1cnn2c(NCc3ccccc3)cc(N[C@@H](CO)[C@@H](O)CO)nc12,3.0,8.52
mol_0074,CHEMBL488084,Cc1ncc(-c2ccnc(Nc3ccc(C(N)=O)cc3)n2)n1C(C)C,3.0,8.52
mol_0075,CHEMBL497564,c1cc(Nc2nccc(-c3cnn4ncccc34)n2)cc(-c2cocn2)c1,3.0,8.52
mol_0076,CHEMBL477785,Cc1ncc(-c2ccnc(Nc3ccc(N4CCN(S(=O)(=O)CCN(C)C)CC4)cc3)n2)n1C(C)C,3.0,8.52
mol_0077,CHEMBL3644026,C[C@@H](O)[C@@H](C)Oc1nc(Nc2ccc(S(=O)(=O)CCO)cc2)ncc1C(F)(F)F,3.0,8.52
mol_0078,CHEMBL3648109,C[C@@H](O)[C@@H](C)Nc1nc(Nc2ccc(S(=N)(=O)CCO)cc2)ncc1Br,3.0,8.52
mol_0079,CHEMBL188938,O=[N+]([O-])c1ccc(Nc2nccc(-c3cnn4ncccc34)n2)cc1,3.0,8.52
mol_0080,CHEMBL401303,Clc1ccccc1-c1cc(NCc2cccnc2)n2ncc(Br)c2n1,3.0,8.52
mol_0081,CHEMBL269883,CC(C)COC(=O)c1ccc2c(c1)/C(=C/Nc1ccc(S(N)(=O)=O)cc1)C(=O)N2,3.0,8.52
mol_0082,CHEMBL1234833,CC(C)c1cnn2c(NCc3ccccc3)cc(N[C@@H](CO)[C@H](O)CO)nc12,3.0,8.52
mol_0083,CHEMBL453655,CNC(=O)c1ccc(Nc2ncc(F)c(-c3cnc(C)n3C(C)C)n2)cc1,3.0,8.52
mol_0084,CHEMBL508129,CNC(=O)c1ccc(Nc2nccc(-c3cnc(C)n3C(C)C)n2)cc1,3.0,8.52
mol_0085,CHEMBL311464,NCCSc1cc(-c2ccc[nH]2)c2c3c(ccc(F)c13)NC2=O,3.0,8.52
mol_0086,CHEMBL2163996,N[C@H]1CC[C@H](Nc2cc(Nc3ccc(F)c(Cl)c3)n3ncc(Cl)c3n2)CC1,3.0,8.52
mol_0087,CHEMBL1944698,CN1C/C=C/CCOc2cccc(c2)-c2ccnc(n2)Nc2cccc(c2)C1,3.0,8.52
mol_0088,CHEMBL490481,O=C(Cc1ccc(Cc2cccs2)cc1)Nc1cc(C2CC2)[nH]n1,2.999,8.52
mol_0089,CHEMBL3545083,COCCN1CCN(Cc2ccc(-c3n[nH]c4c3C(=O)c3c(NC(=O)NN5CCOCC5)cccc3-4)cc2)CC1,3.0,8.52
mol_0090,CHEMBL1964255,N=C(N)NS(=O)(=O)c1ccc(N/C=C2\C(=O)Nc3ccc4ncsc4c32)cc1,3.3,8.48
mol_0091,CHEMBL2163995,N[C@H]1CC[C@H](Nc2cc(Nc3ccc(F)c(Cl)c3)n3ncc(Br)c3n2)CC1,3.4,8.47
mol_0092,CHEMBL215803,C[C@@H]1C[C@H]2CN1CCn1nc3c(cccc3c1O)-c1nc3c(cccc3nc1O)O2,3.4,8.47
mol_0093,CHEMBL271160,CC(C)Oc1cccc2c1/C(=N/Nc1ccc(S(N)(=O)=O)cc1)C(=O)N2,3.4,8.47
mol_0094,CHEMBL1964251,O=C1Nc2ccc3ncsc3c2/C1=C/Nc1ccc(S(=O)(=O)NCCc2c[nH]cn2)cc1,3.6,8.44
mol_0095,CHEMBL3648095,CCS(=N)(=O)c1ccc(Nc2ncc(Br)c(N[C@H](C)[C@H](C)O)n2)cc1,4.0,8.4
mol_0096,CHEMBL3648111,COc1cc(Nc2ncc(Br)c(N[C@H](C)[C@@H](C)O)n2)ccc1S(C)(=N)=O,4.0,8.4
mol_0097,CHEMBL4764656,C[C@H](CO)Nc1nc(Nc2ccc(S(N)(=O)=O)cc2)ncc1Br.Cl,4.0,8.4
mol_0098,CHEMBL3357950,C[C@@H](NC(=O)N1CCc2cnc(Nc3cnn(C)c3)nc2C1)c1ccc(Cl)c(Cl)c1,4.0,8.4
mol_0099,CHEMBL3648113,CN=S(C)(=O)c1ccc(Nc2ncc(Br)c(N[C@H](C)[C@@H](C)O)n2)cc1OC,4.0,8.4
mol_0100,CHEMBL3648108,C[C@H](Nc1nc(Nc2ccc(S(=N)(=O)CCO)cc2)ncc1Br)C(C)(C)O,4.0,8.4
mol_0101,CHEMBL485618,CCn1c(-c2ccnc(Nc3ccc(S(=O)(=O)NCCOC)cc3)n2)cnc1C,4.0,8.4
mol_0102,CHEMBL2163997,N#Cc1cnn2c(Nc3ccc(F)c(Cl)c3)cc(N[C@H]3CC[C@H](N)CC3)nc12,4.0,8.4
mol_0103,CHEMBL3648122,CCS(=N)(=O)c1ccc(Nc2ncc(Br)c(N[C@@H](C)[C@H](C)O)n2)cc1,4.0,8.4
mol_0104,CHEMBL3648112,COc1cc(Nc2ncc(Br)c(N[C@H](C)[C@H](C)O)n2)ccc1S(C)(=N)=O,4.0,8.4
mol_0105,CHEMBL178179,CN(C)S(=O)(=O)c1ccc(Nc2cc(N[C@H]3CC[C@H](N)CC3)nc3c(C4CCCC4)cnn23)cc1,4.0,8.4
mol_0106,CHEMBL3648118,COC[C@@H](Nc1nc(Nc2ccc(S(C)(=N)=O)cc2)ncc1Br)[C@@H](C)O,4.0,8.4
mol_0107,CHEMBL60541,CNS(=O)(=O)c1ccc2c(c1)/C(=C/c1[nH]cc3c1CCOC3=O)C(=O)N2,4.0,8.4
mol_0108,CHEMBL3648106,CC(CO)Sc1nc(Nc2ccc(S(C)(=N)=O)cc2)ncc1Br,4.0,8.4
mol_0109,CHEMBL4741442,C[C@H](CO)Nc1nc(Nc2ccc(S(N)(=O)=O)cc2)ncc1Br,4.0,8.4
mol_0110,CHEMBL3648076,C[C@@H](Nc1nc(Nc2ccc(S(=N)(=O)CC3CC3)cc2)ncc1Br)C(C)(C)O,4.0,8.4
mol_0111,CHEMBL518826,CCCN(C)[C@H]1CCN(C(=O)c2ccc(Nc3nccc(-c4cnc(C)n4C(C)C)n3)cc2)C1,4.0,8.4
mol_0112,CHEMBL3648096,Cc1cc(Nc2ncc(Br)c(N[C@H](C)[C@H](C)O)n2)ccc1S(C)(=N)=O,4.0,8.4
mol_0113,CHEMBL23327,CC(C)[C@H](CO)Nc1nc(Nc2cccc(Cl)c2)c2ncn(C(C)C)c2n1,4.0,8.4
mol_0114,CHEMBL5188322,NC(=O)c1ccc(Nc2nc(N[C@H]3CC[C@H](N)CC3)nc3c2ncn3C2CCCC2)cc1,4.0,8.4
mol_0115,CHEMBL3648107,C[C@@H](Nc1nc(Nc2ccc(S(=N)(=O)CCO)cc2)ncc1Br)C(C)(C)O,4.0,8.4
mol_0116,CHEMBL468963,CN1CCN(c2ccc(Nc3nccc(-c4cnn5ncccc45)n3)cc2C(F)(F)F)CC1,4.0,8.4
mol_0117,CHEMBL293068,O=C1Nc2ccc(C(=O)O)cc2/C1=C/c1[nH]cc2c1CCOC2=O,4.0,8.4
mol_0118,CHEMBL73243,COCCCNS(=O)(=O)c1ccc(Nc2nccc(-c3cnc4ccccn34)n2)cc1,4.0,8.4
mol_0119,CHEMBL489477,O=C(Cc1ccc(-c2ccccc2)c(F)c1)Nc1cc(C2CC2)[nH]n1,3.999,8.4
mol_0120,CHEMBL514197,COc1cc(-c2ccc3c(-c4nc5c(N6CCN(C)CC6)cccc5[nH]4)n[nH]c3c2)ccc1O,4.1,8.39
mol_0121,CHEMBL1964244,O=C1Nc2ccc3ncsc3c2/C1=C/Nc1ccc(S(=O)(=O)Nc2ccccc2)cc1,4.3,8.37
mol_0122,CHEMBL3655762,CC[C@H](Nc1nc(NCc2cnc(C)cc2C)c2ncn(C(C)C)c2n1)[C@@H](C)O,4.5,8.35
mol_0123,CHEMBL1964250,COCCOCCOCCOCCNS(=O)(=O)c1ccc(N/C=C2\C(=O)Nc3ccc4ncsc4c32)cc1,4.5,8.35
mol_0124,CHEMBL410883,NC(=O)c1ccc2c(c1)/C(=N/Nc1ccc(S(N)(=O)=O)cc1)C(=O)N2,4.5,8.35
mol_0125,CHEMBL272667,Cc1c([N+](=O)[O-])ccc2c1/C(=N/Nc1ccc(S(N)(=O)=O)cc1)C(=O)N2,4.6,8.34
mol_0126,CHEMBL1964247,CN(C)S(=O)(=O)c1ccc(N/C=C2\C(=O)Nc3ccc4ncsc4c32)cc1,4.6,8.34
mol_0127,CHEMBL314397,NS(=O)(=O)c1ccc(/N=N/c2c(O)[nH]c3cccc(I)c23)cc1,4.6,8.34
mol_0128,CHEMBL1964246,O=C1Nc2ccc3ncsc3c2/C1=C/Nc1ccc(S(=O)(=O)NCCO)cc1,4.7,8.33
mol_0129,CHEMBL3648123,CCS(=N)(=O)c1ccc(Nc2ncc(Br)c(N[C@H](C)C(C)(C)O)n2)cc1,5.0,8.3
mol_0130,CHEMBL481562,O=C(NC1CC1)c1n[nH]c2cc(-c3ccc(O)cc3)c(Br)cc12,5.0,8.3
mol_0131,CHEMBL500804,O=C(NC1=NNC2=CC=CC21)C1CC1,5.0,8.3
mol_0132,CHEMBL1241849,CN(C)CCNS(=O)(=O)c1ccc(Nc2cccc(-c3cnc4ccccn34)c2)cc1,5.0,8.3
mol_0133,CHEMBL452601,C[C@H]1CNC[C@H](C(=O)Nc2ncc(SCc3ncc(C(C)(C)C)o3)s2)C1,5.0,8.3
mol_0134,CHEMBL72509,Clc1cccc(Nc2nccc(-c3cnc4ccccn34)n2)c1,5.0,8.3
mol_0135,CHEMBL123368,NS(=O)(=O)c1cccc(Nc2nc(OCC3CCCCC3)c3nc[nH]c3n2)c1,5.0,8.3
mol_0136,CHEMBL70824,CN(C)CCCN(C)S(=O)(=O)c1ccc(Nc2nccc(-c3cnc4ccccn34)n2)cc1,5.0,8.3
mol_0137,CHEMBL4579344,Cc1cc(C)c(CNc2nc(N[C@@H](C)[C@@H](C)O)nc3c2ncn3C(C)C)cn1,5.0,8.3
mol_0138,CHEMBL3109950,CN(C)S(=O)(=O)c1ccc(Nc2cc3[nH]c(-c4cn[nH]c4)cc3cn2)cc1,5.0,8.3
mol_0139,CHEMBL4764173,CC[C@H](Nc1nc(NCc2ccccc2)c2ncn(C(C)C)c2n1)[C@@H](C)O,5.0,8.3
mol_0140,CHEMBL260163,O=C(Nc1n[nH]c2cc(-c3ccc(O)cc3)ccc12)C1CC1,5.0,8.3
mol_0141,CHEMBL5195030,CC[C@@H](Nc1nc(NCc2cnc(C)cc2C)c2ncn(C(C)C)c2n1)[C@H](C)O,5.0,8.3
mol_0142,CHEMBL427909,O=C(Nc1n[nH]c2nc(-c3ccc(O)cc3)c(-c3ccccc3)cc12)C1CC1,5.0,8.3
mol_0143,CHEMBL415471,N#CCCc1cc(-c2ccc[nH]2)c2c3c(ccc(F)c13)NC2=O,5.0,8.3
mol_0144,CHEMBL72548,CN(C)CCNS(=O)(=O)c1ccc(Nc2nccc(-c3cnc4ccccn34)n2)cc1,5.0,8.3
mol_0145,CHEMBL79498,O=C1Nc2ccc(F)c3c(S[C@H]4CCNC4)cc(-c4ccc[nH]4)c1c23,5.0,8.3
mol_0146,CHEMBL260417,O=C(Nc1n[nH]c2nc(-c3ccc(O)cc3)c(Br)cc12)C1CC1,5.0,8.3
mol_0147,CHEMBL3354186,COC1CCN(c2nccc(Nc3cc4[nH]c(-c5cn[nH]c5)cc4cn3)n2)CC1,5.0,8.3
mol_0148,CHEMBL4095226,Nc1nccc(-c2c[nH]c3ncc(-c4ccc(F)cc4)cc23)n1,5.5,8.26
mol_0149,CHEMBL1964245,CNS(=O)(=O)c1ccc(N/C=C2\C(=O)Nc3ccc4ncsc4c32)cc1,5.6,8.25
mol_0150,CHEMBL1964242,O=C1Nc2ccc3ncsc3c2/C1=C/Nc1ccc(S(=O)(=O)NCc2ccccc2)cc1,5.6,8.25
mol_0151,CHEMBL1964253,CN(c1ccccn1)S(=O)(=O)c1ccc(N/C=C2\C(=O)Nc3ccc4ncsc4c32)cc1,5.6,8.25
mol_0152,CHEMBL1234086,CNS(=O)(=O)Cc1ccc(N/N=C2\C(=O)Nc3ccc4ncsc4c32)cc1,5.7,8.24
mol_0153,CHEMBL1964260,CS(=O)(=O)c1ccc(N/C=C2\C(=O)Nc3ccc4ncsc4c32)cc1,5.7,8.24
mol_0154,CHEMBL488436,Cc1ncc(-c2ccnc(Nc3ccc(S(C)(=O)=O)cc3)n2)n1C(C)C,6.0,8.22
mol_0155,CHEMBL520353,Cc1ncc(-c2ccnc(Nc3ccc(S(=O)(=O)NCCCOC(C)C)cc3)n2)n1C,6.0,8.22
mol_0156,CHEMBL3642650,Clc1ccccc1-c1cc(NCc2ccncc2)n2ncc(Br)c2n1,6.0,8.22
mol_0157,CHEMBL3648072,C[C@@H](Nc1nc(Nc2ccc(S(C)(=N)=O)cc2)ncc1Br)C(C)(C)O,6.0,8.22
mol_0158,CHEMBL3644024,CC(C)S(=O)(=O)c1ccc(Nc2ncc(C(F)(F)F)c(O[C@H](C)[C@@H](C)O)n2)cc1,6.0,8.22
mol_0159,CHEMBL510436,Cc1ncc(-c2ccnc(Nc3ccc(C(=O)N(C)C)c(F)c3)n2)n1C(C)C,6.0,8.22
mol_0160,CHEMBL3644032,C[C@@H](O)[C@@H](C)Oc1nc(Nc2ccc(S(=O)(=O)C3CC3)cc2)ncc1C(F)(F)F,6.0,8.22
mol_0161,CHEMBL3648110,C[C@H](O)[C@@H](C)Nc1nc(Nc2ccc(S(=N)(=O)CCO)cc2)ncc1Br,6.0,8.22
mol_0162,CHEMBL6020156,Cc1nc2c(F)cc(-c3nc(Nc4ccc5c(n4)CCN(C/C=N/O)C5)ncc3F)cc2n1C(C)C,6.02,8.22
mol_0163,CHEMBL103355,Cc1ccc(F)c(Nc2ccnc(Nc3ccc(S(N)(=O)=O)cc3)n2)c1,6.0,8.22
mol_0164,CHEMBL3648114,CN=S(C)(=O)c1ccc(Nc2ncc(Br)c(N[C@H](C)[C@H](C)O)n2)cc1OC,6.0,8.22
mol_0165,CHEMBL3648115,COc1cc(Nc2ncc(Br)c(N[C@H](C)C(C)(C)O)n2)ccc1S(C)(=N)=O,6.0,8.22
mol_0166,CHEMBL476993,Cc1ncc(-c2nc(Nc3ccc(N4CCN(C(=O)CO)CC4)cc3)ncc2F)n1C(C)C,6.0,8.22
mol_0167,CHEMBL3648119,COC[C@H](Nc1nc(Nc2ccc(S(C)(=N)=O)cc2)ncc1Br)[C@H](C)O,6.0,8.22
mol_0168,CHEMBL1241567,CCCCOc1c(C(=O)c2c(F)cc(C)cc2F)ccc2[nH]ncc12,6.0,8.22
mol_0169,CHEMBL460103,Cc1ncc(-c2nc(Nc3ccc(C(=O)N4CC[C@@H](N(C)C)C4)cc3)ncc2F)n1C(C)C,6.0,8.22
mol_0170,CHEMBL4562323,CC(C)c1cnn2c(NCc3ccccc3-n3cccn3)nc(OC3CCCNC3)nc12,6.4,8.19
mol_0171,CHEMBL6002674,CNCCN1CCc2nc(Nc3ncc(F)c(-c4cc(F)c5nc(C)n(C(C)(C)C)c5c4)n3)ccc2C1,6.68,8.18
mol_0172,CHEMBL410072,CC(C)(CO)CNC(=O)c1ccc2c(c1)/C(=N/Nc1ccc(S(N)(=O)=O)cc1)C(=O)N2,6.8,8.17
mol_0173,CHEMBL2158843,NS(=O)(=O)c1cccc(Nc2nccc(-c3ccnc(NCCCO)c3)n2)c1,6.7,8.17
mol_0174,CHEMBL360573,CN(C)S(=O)(=O)c1ccc(Nc2cc(N[C@H]3CC[C@H](N)CC3)nc3c(C#N)cnn23)cc1,7.0,8.15
mol_0175,CHEMBL256558,Cc1ccc(CC(=O)Nc2n[nH]c3ccc(N4CCCS4(=O)=O)cc23)cc1,7.0,8.15
mol_0176,CHEMBL402158,O=C(Cc1cccc(Br)c1)Nc1n[nH]c2ccc(N3CCCS3(=O)=O)cc12,7.0,8.15
mol_0177,CHEMBL191336,OCCCNc1cc(-c2ncnc(Nc3cccc(Cl)c3)n2)ccn1,7.0,8.15
mol_0178,CHEMBL150261,N[C@H]1CC[C@H](Nc2nc(NCc3ccccc3)c3ncn(C4CCCC4)c3n2)CC1,7.0,8.15
mol_0179,CHEMBL402370,O=C(Cc1ccc(Br)cc1)Nc1n[nH]c2ccc(N3CCCS3(=O)=O)cc12,7.0,8.15
mol_0180,CHEMBL3648094,CCS(=N)(=O)c1ccc(Nc2ncc(Br)c(N[C@H](COC)[C@H](C)O)n2)cc1,7.0,8.15
mol_0181,CHEMBL3648125,Cc1cc(Nc2ncc(Br)c(N[C@@H](C)C(C)(C)O)n2)ccc1S(C)(=N)=O,7.0,8.15
mol_0182,CHEMBL495557,CC(C)(C)c1cnc(CSc2cnc(N[C@H]3CC[C@H](O)CC3)s2)o1,7.0,8.15
mol_0183,CHEMBL3084839,N[C@H]1CC[C@H](Nc2nc(Nc3ccccc3)c3ncn(C4CCCC4)c3n2)CC1,7.0,8.15
mol_0184,CHEMBL3648083,CN=S(C)(=O)c1ccc(Nc2ncc(Br)c(N[C@H](C)[C@H](C)O)n2)cc1,7.0,8.15
mol_0185,CHEMBL407709,NS(=O)(=O)c1ccc(N/N=C2\C(=O)Nc3ccc4ncsc4c32)cc1,7.1,8.15
mol_0186,CHEMBL312726,NCCCc1cc(-c2ccc[nH]2)c2c3c(ccc(F)c13)NC2=O,7.0,8.15
mol_0187,CHEMBL3639469,Cc1cc(Nc2ncc(Br)c(N[C@H](C)C(C)(C)O)n2)ccc1S(C)(=N)=O,7.0,8.15
mol_0188,CHEMBL5994315,Cc1nc2c(F)cc(-c3nc(Nc4ccc5c(n4)CCN(CC(=O)O)C5)ncc3F)cc2n1C(C)C,7.34,8.13
mol_0189,CHEMBL5800538,Cc1nc2c(F)cc(-c3nc(Nc4ccc5c(n4)CCN(C(=O)O)C5)ncc3F)cc2n1C(C)C,7.34,8.13
mol_0190,CHEMBL1964257,NS(=O)(=O)Cc1ccc(N/C=C2\C(=O)Nc3ccc4ncsc4c32)cc1,7.5,8.12
mol_0191,CHEMBL4756353,CN(C)C/C=C/C(=O)Nc1ccc(C(=O)Nc2ncc(SCc3ncc(C(C)(C)C)o3)s2)cc1,7.8,8.11
mol_0192,CHEMBL515001,Cc1ncc(-c2nc(Nc3ccc(N4CCOCC4)cc3)ncc2F)n1C(C)C,8.0,8.1
mol_0193,CHEMBL485240,CCCS(=O)(=O)c1ccc(Nc2nccc(-c3cnc(C)n3C(C)C)n2)cc1,8.0,8.1
mol_0194,CHEMBL478828,COc1ccc(Nc2nccc(-c3cnc(C)n3C(C)C)n2)cc1,8.0,8.1
mol_0195,CHEMBL411425,CCc1cccc2c1/C(=N/Nc1ccc(S(N)(=O)=O)cc1)C(=O)N2,7.9,8.1
mol_0196,CHEMBL520187,COCCNS(=O)(=O)c1ccc(Nc2nccc(-c3cnc(C)n3C)n2)cc1,8.0,8.1
mol_0197,CHEMBL359554,c1ccc(Nc2nccc(-c3cnn4ncccc34)n2)cc1,8.0,8.1
mol_0198,CHEMBL484571,CN(C)CCNS(=O)(=O)c1ccc(Nc2nccc(-c3cnc4cccnn34)n2)cc1,8.0,8.1
mol_0199,CHEMBL367150,CN(C)S(=O)(=O)c1ccc(Nc2cc(N[C@H]3CC[C@H](N)CC3)nc3c(Cl)cnn23)cc1,8.0,8.1
mol_0200,CHEMBL488085,Cc1ncc(-c2ccnc(Nc3ccc(C(=O)N(C)C)cc3)n2)n1C(C)C,8.0,8.1
mol_0201,CHEMBL3648102,CC(O)C(C)Sc1nc(Nc2ccc(S(C)(=N)=O)cc2)ncc1Br,8.0,8.1
mol_0202,CHEMBL3648128,CC(C)(O)CSc1nc(Nc2ccc(S(C)(=N)=O)cc2)ncc1Br,8.0,8.1
mol_0203,CHEMBL3644033,C[C@@H](O)[C@@H](C)Oc1nc(Nc2ccc(S(C)(=O)=O)cc2)ncc1C(F)(F)F,8.0,8.1
mol_0204,CHEMBL3648074,C[C@@H](Nc1nc(Nc2ccc(S(=N)(=O)C3CC3)cc2)ncc1Br)C(C)(C)O,8.0,8.1
mol_0205,CHEMBL1230607,CC(C)CC(=O)Nc1n[nH]c2c1CN(C(=O)C1CCN(C)CC1)C2(C)C,8.0,8.1
mol_0206,CHEMBL3648082,COc1cc(Nc2ncc(Br)c(O[C@H](C)[C@H](C)O)n2)ccc1S(C)(=N)=O,8.0,8.1
mol_0207,CHEMBL334285,O=C(Nc1cccc2c1C(=O)c1c(-c3ccc(C(=O)N4CCNCC4)s3)n[nH]c1-2)NN1CCOCC1,8.0,8.1
mol_0208,CHEMBL6020742,Cc1nc2c(F)cc(-c3nc(Nc4ccc5c(n4)CCN(CC(N)=NO)C5)ncc3F)cc2n1C(C)C,8.43,8.07
mol_0209,CHEMBL5794081,Cc1nc2c(F)cc(-c3nc(Nc4ccc5c(n4)CCN(CCC(N)NO)C5)ncc3F)cc2n1C(C)C,8.43,8.07
mol_0210,CHEMBL5583697,Cn1cnc(S(=O)(=O)N2CCC(Nc3ncc(C(F)(F)F)c(-c4cnn(CC(F)(F)F)c4)n3)CC2)c1,8.5,8.07
mol_0211,CHEMBL4282338,C[C@@H](O)[C@@H](C)Oc1nc(Nc2ccc([S@](=N)(=O)C3CC3)cc2)ncc1C(F)(F)F,9.0,8.05
mol_0212,CHEMBL508739,Cc1cc(Nc2ncc(F)c(-c3cnc(C)n3C(C)C)n2)ccc1C(=O)N(C)C,9.0,8.05
mol_0213,CHEMBL254979,O=C(Cc1ccc2ccccc2c1)Nc1n[nH]c2ccc(N3CCCS3(=O)=O)cc12,9.0,8.05
mol_0214,CHEMBL3648120,CCS(=N)(=O)c1ccc(Nc2ncc(Br)c(N[C@H](COC)[C@@H](C)O)n2)cc1,9.0,8.05
mol_0215,CHEMBL3775792,CC(C)c1n[nH]c2c(NCc3ccc(-c4ccccn4)cc3)nc(NCC(C)(C)O)nc12,9.0,8.05
mol_0216,CHEMBL362560,COc1ccc(-c2[nH]nc3c2C(=O)c2c(NC(=O)NNC(=O)c4ccc(O)cc4)cccc2-3)cc1,9.0,8.05
mol_0217,CHEMBL23254,CC(C)[C@H](CO)Nc1nc(Nc2ccc(C(=O)O)c(Cl)c2)c2ncn(C(C)C)c2n1,9.0,8.05
mol_0218,CHEMBL255718,O=C(Cc1ccc(O)cc1)Nc1n[nH]c2ccc(N3CCCS3(=O)=O)cc12,9.0,8.05
mol_0219,CHEMBL2158844,Clc1cccc(Nc2nccc(-c3ccnc(N4CCOCC4)c3)n2)c1,8.9,8.05
mol_0220,CHEMBL3648121,CCS(=N)(=O)c1ccc(Nc2ncc(Br)c(N[C@@H](COC)[C@H](C)O)n2)cc1,9.0,8.05
mol_0221,CHEMBL3298418,Cc1cc(Nc2ncc3c(n2)CN(C(=O)N[C@H](C)c2ccc(Cl)c(Cl)c2)CC3)ccn1,9.0,8.05
mol_0222,CHEMBL514690,Cc1ncc(-c2ccnc(Nc3ccc(N4CCOCC4)cc3)n2)n1C(C)C,9.0,8.05
mol_0223,CHEMBL3648084,CCOC(=O)N=S(C)(=O)c1ccc(Nc2ncc(Br)c(N[C@H](C)C(C)(C)O)n2)cc1,9.0,8.05
mol_0224,CHEMBL58224,O=C1Nc2cccc(C3CCNCC3)c2/C1=C/c1[nH]cc2c1CCOC2=O,9.0,8.05
mol_0225,CHEMBL1234087,O=C1Nc2ccc(-c3cnco3)cc2/C1=C/Nc1ccc2c(c1)CS(=O)(=O)C2,8.9,8.05
mol_0226,CHEMBL455467,Cc1ncc(-c2ccnc(Nc3ccc(C(=O)N4CCN(C)CC4)cc3)n2)n1C(C)C,9.0,8.05
mol_0227,CHEMBL408210,CCOC(=O)c1cccc2c1/C(=C/Nc1ccc(S(N)(=O)=O)cc1)C(=O)N2,8.9,8.05
mol_0228,CHEMBL4442620,C[C@@H](O)[C@@H](C)Oc1nc(Nc2ccc(S(=N)(=O)C3CC3)cc2)ncc1C(F)(F)F,9.0,8.05
mol_0229,CHEMBL294884,CNS(=O)(=O)c1ccc2c(c1)/C(=C/c1[nH]cc3c1CCNC3=O)C(=O)N2,9.0,8.05
mol_0230,CHEMBL272165,NS(=O)(=O)c1ccc(N/N=C2\C(=O)Nc3ccc(C(=O)NCc4ccncc4)cc32)cc1,8.9,8.05
mol_0231,CHEMBL496785,CC(C)(C)c1cnc(CSc2cnc(NC3CCCCC3)s2)o1,9.0,8.05
mol_0232,CHEMBL5287128,C[C@@H](O)[C@@H](C)Nc1nc(Nc2ccc([S@](=N)(=O)C3CC3)cc2)ncc1C(F)(F)F,9.0,8.05
mol_0233,CHEMBL490480,Cc1cc(CC(=O)Nc2cc(C3CC3)[nH]n2)ccc1-c1ccccc1,8.995,8.05
mol_0234,CHEMBL291324,Nc1nc(N)c(N=O)c(=O)[nH]1,9.0,8.05
mol_0235,CHEMBL103104,NS(=O)(=O)c1ccc(Nc2cc(-c3cccc(O)c3)n[nH]2)cc1,9.1,8.04
mol_0236,CHEMBL272380,NS(=O)(=O)c1ccc(N/N=C2\C(=O)Nc3cccc(/C=C/c4ccc(O)cc4)c32)cc1,9.3,8.03
mol_0237,CHEMBL2112297,O=C1Nc2ccc3ncsc3c2/C1=C/Nc1ccc(S(=O)(=O)N[n+]2ccc3ccccc3c2)cc1,9.5,8.02
mol_0238,CHEMBL271952,NS(=O)(=O)c1ccc(N/N=C2\C(=O)Nc3ccc4[nH]nnc4c32)cc1,9.5,8.02
mol_0239,CHEMBL4788136,C=CC(=O)Nc1ccc(C(=O)N2CC[C@@H](Nc3ncc(SCc4ncc(C(C)(C)C)o4)s3)C2)cc1,9.86,8.01
mol_0240,CHEMBL1276446,O=C1Nc2ccc3ncsc3c2/C1=C/Nc1ccc(S(=O)(=O)Nc2ccccn2)cc1,9.7,8.01
mol_0241,CHEMBL3298678,O=C(N[C@H](CO)c1ccc(Cl)c(F)c1)N1CCc2cnc(NC3CCOCC3)nc2C1,10.0,8.0
mol_0242,CHEMBL1171948,NC(=O)Cn1nc(C(N)=O)c2c1-c1nc(Nc3ccccc3)ncc1CC2,10.0,8.0
mol_0243,CHEMBL257831,CN(C)c1ccc(CC(=O)Nc2n[nH]c3ccc(N4CCCS4(=O)=O)cc23)cc1,10.0,8.0
mol_0244,CHEMBL409690,NS(=O)(=O)c1ccc(N/N=C2\C(=O)Nc3ccc(O)cc32)cc1,10.0,8.0
mol_0245,CHEMBL189963,CC(=O)c1c(C)c2cnc(Nc3ccc(N4CCNCC4)cn3)nc2n(C2CCCC2)c1=O,10.0,8.0
mol_0246,CHEMBL404504,O=C(Cc1cccc(Cl)c1)Nc1n[nH]c2ccc(N3CCCS3(=O)=O)cc12,10.0,8.0
mol_0247,CHEMBL3648073,C[C@H](O)[C@@H](C)Oc1nc(Nc2ccc(S(C)(=N)=O)cc2)ncc1Br,10.0,8.0
mol_0248,CHEMBL319903,NS(=O)(=O)c1ccc(Nc2cc(-c3ccc(Br)cc3)[nH]n2)cc1,10.0,8.0
mol_0249,CHEMBL189934,CCOC(=O)c1c(C)c2cnc(Nc3ccc(N4CCNCC4)cn3)nc2n(C2CCCC2)c1=O,10.0,8.0
mol_0250,CHEMBL3354187,COC1CCN(c2nccc(Nc3cc4c(cn3)cc(-c3cn[nH]c3)n4C(C)C)n2)CC1,10.0,8.0
mol_0251,CHEMBL255262,O=C(Cc1cccc(F)c1)Nc1n[nH]c2ccc(N3CCCS3(=O)=O)cc12,10.0,8.0
mol_0252,CHEMBL403605,Cc1cccc(CC(=O)Nc2n[nH]c3ccc(N4CCCS4(=O)=O)cc23)c1,10.0,8.0
mol_0253,CHEMBL178785,CN(C)S(=O)(=O)c1ccc(Nc2cc(N[C@H]3CC[C@H](N)CC3)nc3c(Br)cnn23)cc1,10.0,8.0
mol_0254,CHEMBL415789,CSc1ccc(CC(=O)Nc2n[nH]c3ccc(N4CCCS4(=O)=O)cc23)cc1,10.0,8.0
mol_0255,CHEMBL402157,O=C(Cc1ccc(Cl)cc1)Nc1n[nH]c2ccc(N3CCCS3(=O)=O)cc12,10.0,8.0
mol_0256,CHEMBL4173631,Cn1cc(-c2ccc(S(=O)(=O)N3CCC(Nc4ccc(C#N)cn4)CC3)cc2)cn1,10.0,8.0
mol_0257,CHEMBL102926,Cc1nc2ccccn2c1-c1ccnc(Nc2ccc(OCC(O)CN(C)C)cc2)n1,10.0,8.0
mol_0258,CHEMBL5774332,Cc1nc2c(F)cc(-c3nc(Nc4ccc5c(n4)CCN(C[C@@H]4CN(C)CCO4)C5)ncc3F)cc2n1C(C)(C)C,10.3,7.99
mol_0259,CHEMBL5886747,Cc1nc2c(F)cc(-c3nc(Nc4ccc5c(n4)CCNC5)ncc3F)cc2n1C1(C)CC1,10.3,7.99
mol_0260,CHEMBL6017199,COC(=O)C(=O)N1CCc2nc(Nc3ncc(F)c(-c4cc(F)c5nc(C)n(C(C)C)c5c4)n3)ccc2C1,10.4,7.98
mol_0261,CHEMBL4641226,C=CC(=O)N1CCC(C(=O)Nc2ncc(SCc3ncc(C(C)(C)C)o3)s2)CC1,10.8,7.97
mol_0262,CHEMBL421578,CS(=O)(=O)Nc1cccc(-c2cc(Nc3ccc(S(N)(=O)=O)cc3)[nH]n2)c1,10.7,7.97
mol_0263,CHEMBL319103,NS(=O)(=O)c1ccc(Nc2cc(-c3cccc(NS(=O)(=O)c4ccccc4)c3)[nH]n2)cc1,10.7,7.97
mol_0264,CHEMBL181114,N[C@H]1CC[C@H](Nc2cc(Nc3ccc(S(=O)(=O)c4cccs4)cc3)n3ncc(Cl)c3n2)CC1,11.0,7.96
mol_0265,CHEMBL3648104,CC(Sc1nc(Nc2ccc(S(C)(=N)=O)cc2)ncc1Br)C(C)(C)O,11.0,7.96
mol_0266,CHEMBL453895,Cc1ncc(-c2ccnc(Nc3ccc(C(=O)NC4CCN(C)CC4)c(F)c3)n2)n1C(C)C,11.0,7.96
mol_0267,CHEMBL3644023,C=CCS(=O)(=O)c1ccc(Nc2ncc(C(F)(F)F)c(O[C@H](C)C(C)(C)O)n2)cc1,11.0,7.96
mol_0268,CHEMBL4644893,C=CC(=O)Nc1ccc(C(=O)N2CCCC(C(=O)Nc3ncc(SCc4ncc(C(C)(C)C)o4)s3)C2)cc1,11.0,7.96
mol_0269,CHEMBL484738,Cc1ncc(-c2ccnc(Nc3ccc(S(N)(=O)=O)cc3)n2)n1C,11.0,7.96
mol_0270,CHEMBL3642647,Fc1ccccc1-c1cc(NCc2cccnc2)n2ncc(Br)c2n1,11.0,7.96
mol_0271,CHEMBL3648089,CCOC(=O)N=S(=O)(CC)c1ccc(Nc2ncc(Br)c(N[C@H](C)[C@H](C)O)n2)cc1,11.0,7.96
mol_0272,CHEMBL3298982,O=C(N[C@H](CO)c1ccc(Cl)c(Cl)c1)N1CCc2cnc(NC3CCOCC3)nc2C1,11.0,7.96
mol_0273,CHEMBL273060,NS(=O)(=O)c1ccc(N/N=C2\C(=O)Nc3ccc(I)cc32)cc1,11.0,7.96
mol_0274,CHEMBL5416114,Cl.N[C@H]1CCN(c2c3c(nc4ccc(-c5ccnc(NC(=O)C6CC6)n5)cc24)CCCCC3)C1,11.58,7.94
mol_0275,CHEMBL4777844,CN(C)C/C=C/C(=O)N1CCC(C(=O)Nc2ncc(SCc3ncc(C(C)(C)C)o3)s2)CC1,11.5,7.94
mol_0276,CHEMBL272028,NS(=O)(=O)c1ccc(N/N=C2\C(=O)Nc3ccc(C(=O)NCCc4c[nH]cn4)cc32)cc1,12.0,7.92
mol_0277,CHEMBL82767,NCCNc1cc(-c2ccc[nH]2)c2c3c(ccc(F)c13)NC2=O,12.0,7.92
mol_0278,CHEMBL432491,NS(=O)(=O)c1ccc2c(c1)/C(=C/c1[nH]cc3c1CCOC3=O)C(=O)N2,12.0,7.92
mol_0279,CHEMBL3648085,CCOC(=O)N=S(C)(=O)c1ccc(Nc2ncc(Br)c(N[C@H](C)[C@H](C)O)n2)cc1,12.0,7.92
mol_0280,CHEMBL456963,O=C(NC1CCCCC1)c1n[nH]cc1NC(=O)c1c(F)cccc1F,12.0,7.92
mol_0281,CHEMBL4569508,O=C(NCC(F)(F)F)c1cc(-c2cnn3cc(-c4ccc(OCCN5CCCCC5)cc4)cnc23)cs1,12.0,7.92
mol_0282,CHEMBL260103,COc1ccc2c(c1)/C(=N/Nc1ccc(S(N)(=O)=O)cc1)C(=O)N2,12.0,7.92
mol_0283,CHEMBL3644027,COC[C@@H](C)Oc1nc(Nc2ccc(S(C)(=O)=O)cc2)ncc1C(F)(F)F,12.0,7.92
mol_0284,CHEMBL309573,COCCNS(=O)(=O)c1ccc(Nc2nccc(-c3cnc4ccccn34)n2)cc1,12.0,7.92
mol_0285,CHEMBL411865,NS(=O)(=O)c1ccc(N/N=C2\C(=O)Nc3cccc(CCc4ccc(O)cc4)c32)cc1,12.0,7.92
mol_0286,CHEMBL3298310,CC[C@@H](NC(=O)N1CCc2cnc(N[C@@H](C)CO)nc2C1)c1ccc(Cl)c(Cl)c1,12.0,7.92
mol_0287,CHEMBL3644034,C[C@@H](Oc1nc(Nc2ccc(S(C)(=O)=O)cc2)ncc1C(F)(F)F)C(C)(C)O,12.0,7.92
mol_0288,CHEMBL1171949,NC(=O)c1nn(CC2CCNCC2)c2c1CCc1cnc(Nc3ccccc3)nc1-2,12.0,7.92
mol_0289,CHEMBL4758168,CN(C)C/C=C/C(=O)Nc1ccc(C(=O)N2CC[C@@H](Nc3ncc(SCc4ncc(C(C)(C)C)o4)s3)C2)cc1,11.9,7.92
mol_0290,CHEMBL3644021,C[C@@H](O)[C@@H](C)Oc1nc(Nc2ccc(S(=O)(=O)C(F)F)cc2)ncc1C(F)(F)F,12.0,7.92
mol_0291,CHEMBL311992,NCCOc1cc(-c2ccc[nH]2)c2c3c(ccc(F)c13)NC2=O,12.0,7.92
mol_0292,CHEMBL1081263,N[C@H](CNc1ncc(-c2ccc3cnccc3c2)s1)Cc1ccc(C(F)(F)F)cc1,12.4,7.91
mol_0293,CHEMBL103115,NS(=O)(=O)c1ccc(Nc2cc(-c3ccc(O)c(F)c3)n[nH]2)cc1,12.6,7.9
mol_0294,CHEMBL411490,Cc1ccc2c(c1Cl)/C(=N/Nc1ccc(S(N)(=O)=O)cc1)C(=O)N2,13.0,7.89
mol_0295,CHEMBL405145,O=C(Nc1n[nH]c2nc(-c3ccc(O)cc3)ccc12)C1CC1,13.0,7.89
mol_0296,CHEMBL272833,NS(=O)(=O)c1ccc(N/N=C2\C(=O)Nc3ccc4[nH]ncc4c32)cc1,13.0,7.89
mol_0297,CHEMBL409104,NS(=O)(=O)c1ccc(N/N=C2\C(=O)Nc3cccc(Oc4ccccc4)c32)cc1,13.0,7.89
mol_0298,CHEMBL148580,COc1ccc(-c2[nH]nc3c2C(=O)c2c(NC(=O)CN4CCN(C(=N)N)CC4)cccc2-3)cc1,13.0,7.89
mol_0299,CHEMBL3298984,C[C@@H](NC(=O)N1CCc2cnc(NC3CCOCC3)nc2C1)c1ccc(Cl)c(F)c1,13.0,7.89
mol_0300,CHEMBL5267773,Cc1c(C(=O)NCCc2ccc(N3CCCC3C)cc2)[nH]c2ccc(Cl)cc12,13.0,7.89
mol_0301,CHEMBL1964258,O=C1Nc2ccc3ncsc3c2/C1=C/Nc1ccc(CS(=O)(=O)NCCO)cc1,13.0,7.89
mol_0302,CHEMBL3298309,CC[C@@H](NC(=O)N1CCc2cnc(N[C@@H](C)CO)nc2C1)c1ccc(F)c(F)c1,13.0,7.89
mol_0303,CHEMBL515839,Cc1ncc(-c2ccnc(Nc3ccc(S(=O)(=O)CC4CCCO4)cc3)n2)n1C(C)C,13.0,7.89
mol_0304,CHEMBL5979303,Cc1nc2c(F)cc(-c3nc(Nc4ccc5c(n4)CCN(CCS(C)(=O)=O)C5)ncc3F)cc2n1C(C)(C)C,13.1,7.88
mol_0305,CHEMBL473631,CN1CCN(c2cccc3[nH]c(-c4n[nH]c5cc(-c6ccc(O)cc6)ccc45)nc23)CC1,13.3,7.88
mol_0306,CHEMBL4213219,Cc1nc2c(F)cc(-c3nc(Nc4ccc5c(n4)CCN(C(=O)CO)C5)ncc3F)cc2n1C(C)C,13.5,7.87
mol_0307,CHEMBL5844694,Cc1nc2c(F)cc(-c3nc(Nc4ccc5c(n4)CCN(C(=O)CCO)C5)ncc3F)cc2n1C(C)C,13.4,7.87
mol_0308,CHEMBL556881,Cn1nc(C(N)=O)c2c1-c1nc(Nc3ccc(N4CCOCC4)cc3)ncc1CC2,14.0,7.85
mol_0309,CHEMBL402759,O=C(Cc1ccc(-c2ccccc2)cc1)Nc1n[nH]c2ccc(N3CCCS3(=O)=O)cc12,14.0,7.85
mol_0310,CHEMBL3648093,CCOC(=O)N=S(C)(=O)c1ccc(Nc2ncc(Br)c(O[C@H](C)[C@H](C)O)n2)cc1,14.0,7.85
mol_0311,CHEMBL454645,CC1CCC(C(=O)Nc2ncc(SCc3ncc(C(C)(C)C)o3)s2)CN1,14.0,7.85
mol_0312,CHEMBL5592661,CS(=O)(=O)N1CCC(Nc2ncc(C(F)(F)F)c(-c3cnn(-c4ccc(C#N)cc4Cl)c3)n2)CC1,14.0,7.85
mol_0313,CHEMBL6026840,Cc1nc2c(F)cc(-c3nc(Nc4ccc5c(n4)CCN(CC=NO)C5)ncc3F)cc2n1C(C)(C)C,14.0,7.85
mol_0314,CHEMBL391229,O=C1Nc2ccc3ncsc3c2/C1=C/Nc1ccc2c(c1)CS(=O)(=O)C2,14.0,7.85
mol_0315,CHEMBL6004741,Cc1nc2c(F)cc(-c3nc(Nc4ccc5c(n4)CCN(CC=NO)C5)ncc3F)cc2n1C(C)C,14.0,7.85
mol_0316,CHEMBL515854,COCCS(=O)(=O)c1ccc(Nc2nccc(-c3cnc(C)n3C(C)C)n2)cc1,14.0,7.85
mol_0317,CHEMBL5574741,Cn1cnc(S(=O)(=O)N2CCC(Nc3ncc(C#N)c(-c4cnn(CC(F)(F)F)c4)n3)CC2)c1,14.0,7.85
mol_0318,CHEMBL424696,c1ccc(Nc2ncc(-c3ccnc(OC4CCCCC4)n3)s2)nc1,14.0,7.85
mol_0319,CHEMBL83369,O=C1Nc2ccc(F)c3c(SCCO)cc(-c4ccc[nH]4)c1c23,14.0,7.85
mol_0320,CHEMBL5971879,Cc1nc2c(F)cc(-c3nc(Nc4ccc5c(n4)CCN[C@H]5C)ncc3F)cc2n1C(C)(C)C,14.5,7.84
mol_0321,CHEMBL5964675,Cc1nc2c(F)cc(-c3nc(Nc4ccc5c(n4)CCN(C[C@H]4CNCCO4)C5)ncc3F)cc2n1C(C)(C)C,14.3,7.84
mol_0322,CHEMBL5903034,Cc1nc2c(F)cc(-c3nc(Nc4ccc5c(n4)CCN(CCN(C)CB(O)O)C5)ncc3F)cc2n1C(C)C,14.5,7.84
mol_0323,CHEMBL4438497,Cc1nc2c(F)cc(-c3nc(Nc4ccc5c(n4)CCN(CCN(C)C(N)=S)C5)ncc3F)cc2n1C(C)C,14.5,7.84
mol_0324,CHEMBL5830076,Cc1nc2c(F)cc(-c3nc(Nc4ccc5c(n4)CCN(C(=O)CCN(C)C)C5)ncc3F)cc2n1C(C)(C)C,14.3,7.84
mol_0325,CHEMBL5897984,Cc1nc2c(F)cc(-c3nc(Nc4ccc5c(n4)CCN(C[C@H]4CNCCO4)C5)ncc3F)cc2n1C(C)C,14.3,7.84
mol_0326,CHEMBL4206061,Cc1nc2c(F)cc(-c3nc(Nc4ccc5c(n4)CCN(C(=O)CN4CCN(C)CC4)C5)ncc3F)cc2n1C(C)C,14.8,7.83
mol_0327,CHEMBL5941698,C=C(CN1CCN(C)CC1)N1CCc2nc(Nc3ncc(F)c(-c4cc(F)c5nc(C)n(C6CCCC6)c5c4)n3)ccc2C1,14.8,7.83
mol_0328,CHEMBL1800464,Nc1nc(NC2CCCC2)cc(-c2cc(N3C[C@H](O)[C@@H](O)C3)ccc2O)n1,15.0,7.82
mol_0329,CHEMBL5865665,Cc1nc2c(F)cc(-c3nc(Nc4ccc5c(n4)CCNC5)ncc3F)cc2n1C(C)C1CC1,15.0,7.82
mol_0330,CHEMBL411886,NS(=O)(=O)c1ccc(N/N=C2\C(=O)Nc3ccc([N+](=O)[O-])cc32)cc1,15.0,7.82
mol_0331,CHEMBL310529,O=C1Nc2ccc(F)c3c(S(=O)(=O)CCO)cc(-c4ccc[nH]4)c1c23,15.0,7.82
mol_0332,CHEMBL5755607,Cc1nc2c(F)cc(-c3nc(Nc4ccc5c(n4)CCN(CCN=C(N)N)C5)ncc3F)cc2n1C(C)C,15.0,7.82
mol_0333,CHEMBL412091,NS(=O)(=O)c1ccc(N/N=C2\C(=O)Nc3ccc(S(=O)(=O)O)cc32)cc1,15.0,7.82
mol_0334,CHEMBL6163941,Cc1cc(C)cc(NNC(=O)[C@H]2CCCN2C(=O)Nc2ccc(Cl)cc2)c1,15.0,7.82
mol_0335,CHEMBL6031262,C/C(=N/O)N(C)CCN1CCc2nc(Nc3ncc(F)c(-c4cc(F)c5nc(C)n(C(C)C)c5c4)n3)ccc2C1,15.0,7.82
mol_0336,CHEMBL50894,O=C1Cc2c([nH]c3ccc([N+](=O)[O-])cc23)-c2ccccc2N1,15.0,7.82
mol_0337,CHEMBL455194,CC1CC(C(=O)Nc2ncc(SCc3ncc(C(C)(C)C)o3)s2)CCN1,15.0,7.82
mol_0338,CHEMBL264406,CC(C)(C)n1nc(-c2cccc3ccccc23)c2c(N)ncnc21,15.0,7.82
mol_0339,CHEMBL485619,COCCNS(=O)(=O)c1ccc(Nc2nccc(-c3cnc(C)n3CC(C)C)n2)cc1,15.0,7.82
mol_0340,CHEMBL1081295,Nc1cc2cc(-c3cnc(NC[C@@H](N)Cc4ccc(C(F)(F)F)cc4)s3)ccc2cn1,15.4,7.81
mol_0341,CHEMBL5813772,Cc1nc2c(F)cc(-c3nc(Nc4ccc5c(n4)CCN(C)C5)ncc3F)cc2n1C(C)C,15.5,7.81
mol_0342,CHEMBL3648126,CC(C)Nc1nc(Nc2ccc(S(C)(=N)=O)cc2)ncc1Br,16.0,7.8
mol_0343,CHEMBL2158857,NS(=O)(=O)c1cccc(Nc2nccc(-c3ccnc(N4CCCCC4)c3)n2)c1,16.0,7.8
mol_0344,CHEMBL255932,Nc1ccc(CC(=O)Nc2n[nH]c3ccc(N4CCCS4(=O)=O)cc23)cc1,16.0,7.8
mol_0345,CHEMBL3298414,O=C(N[C@H](CO)c1ccc(F)c(Cl)c1)N1CCc2cnc(NC3CCOCC3)nc2C1,16.0,7.8
mol_0346,CHEMBL4648005,C=CC(=O)Nc1ccc(NC2CCCC(Nc3ncc(SCc4ncc(C(C)(C)C)o4)s3)C2)cc1,15.7,7.8
mol_0347,CHEMBL307808,COCCNS(=O)(=O)c1ccc(Nc2nccc(-c3cnc4ccc(Sc5ccccc5)cn34)n2)cc1,16.0,7.8
mol_0348,CHEMBL361833,N[C@H]1CC[C@H](Nc2cc(Nc3ccc(S(=O)(=O)c4ccccc4)cc3)n3ncc(Br)c3n2)CC1,16.0,7.8
mol_0349,CHEMBL478241,Cc1ncc(-c2ccnc(Nc3ccc(N4CCN(C(=O)CN(C)C)CC4)cc3)n2)n1C(C)C,16.0,7.8
mol_0350,CHEMBL5280635,CCc1c(C(=O)NCCc2ccc(N3CCOCC3)cc2)[nH]c2ccc(C)cc12,16.0,7.8
mol_0351,CHEMBL523735,NC(=O)c1ccc(Nc2nccc(-c3cnn4ncccc34)n2)cc1,16.0,7.8
mol_0352,CHEMBL3648127,CCC(CO)Sc1nc(Nc2ccc(S(C)(=N)=O)cc2)ncc1Br,16.0,7.8
mol_0353,CHEMBL272389,CS(=O)(=O)c1ccc2c(c1)/C(=N/Nc1ccc(S(N)(=O)=O)cc1)C(=O)N2,16.0,7.8
mol_0354,CHEMBL4542247,Cc1nc2c(F)cc(-c3nc(Nc4ccc5c(n4)CCN(CCN(C)C)C5)ncc3F)cc2n1C1(C)CC1,16.3,7.79
mol_0355,CHEMBL4463172,Cc1nc2c(F)cc(-c3nc(Nc4ccc5c(n4)CCN(CCN(C)C(=N)N)C5)ncc3F)cc2n1C(C)C,16.3,7.79
mol_0356,CHEMBL5869281,Cc1nc2c(F)cc(-c3nc(Nc4ccc5c(n4)CCN(C[C@H]4CN(C)CCO4)C5)ncc3F)cc2n1C(C)(C)C,16.3,7.79
mol_0357,CHEMBL4550287,Cc1nc2c(F)cc(-c3nc(Nc4ccc5c(n4)CCN(CCN(C)C)C5)ncc3F)cc2n1C(C)C1CC1,16.3,7.79
mol_0358,CHEMBL5964401,CCC(CC)n1c(C)nc2c(F)cc(-c3nc(Nc4ccc5c(n4)CCNC5)ncc3F)cc21,16.5,7.78
mol_0359,CHEMBL1080911,Cc1n[nH]c2ccc(-c3nnc(NC[C@@H](N)Cc4ccc(C(F)(F)F)cc4)s3)cc12,17.0,7.77
mol_0360,CHEMBL5198461,NCCCCNc1ccc(Nc2nc(N[C@H]3CC[C@H](N)CC3)nc3c2ncn3C2CCCC2)cc1,17.0,7.77
mol_0361,CHEMBL515311,Cc1ncc(-c2ccnc(Nc3ccc(N4CCN(C(=O)[C@H](C)O)CC4)cc3)n2)n1C(C)C,17.0,7.77
mol_0362,CHEMBL180814,CC(C)c1cnn2c(Nc3ccc(S(=O)(=O)N(C)C)cc3)cc(O[C@H]3CC[C@H](N)CC3)nc12,17.0,7.77
mol_0363,CHEMBL192042,C[C@H](C(=O)Nc1cc(C2CC2)[nH]n1)c1ccc(N2CCN(C)C2=O)cc1,17.0,7.77
mol_0364,CHEMBL477786,Cc1ncc(-c2ccnc(Nc3ccc(N4CCN(C(=O)CO)CC4)cc3)n2)n1C(C)C,17.0,7.77
mol_0365,CHEMBL509012,CC(C)C1CC(C(=O)Nc2ncc(SCc3ncc(C(C)(C)C)o3)s2)CCN1,17.0,7.77
mol_0366,CHEMBL1080893,Cc1n[nH]c2ccc(-c3nnc(NC[C@@H](N)Cc4cccc(Cl)c4)s3)cc12,17.0,7.77
mol_0367,CHEMBL5836990,Cc1nc2c(F)cc(-c3nc(Nc4ccc5c(n4)CCNC5)ncc3F)cc2n1C(C)C,17.0,7.77
mol_0368,CHEMBL409868,CN(C)C(=O)c1ccc2c(c1)/C(=N/Nc1ccc(S(N)(=O)=O)cc1)C(=O)N2,17.0,7.77
mol_0369,CHEMBL487066,Cc1ncc(-c2ccnc(Nc3ccc(C(=O)NC4CC4)cc3)n2)n1C(C)C,17.0,7.77
mol_0370,CHEMBL563641,CN1CCN(c2ccc(Nc3ncc4c(n3)-c3c(c(C(N)=O)nn3C)C(C)(C)C4)cc2)CC1,17.0,7.77
mol_0371,CHEMBL4462493,CCC(CC)n1c(C)nc2c(F)cc(-c3nc(Nc4ccc5c(n4)CCN(CCN(C)C)C5)ncc3F)cc21,17.4,7.76
mol_0372,CHEMBL103382,NS(=O)(=O)c1ccc(Nc2cc(-c3ccc(F)cc3)[nH]n2)cc1,17.4,7.76
mol_0373,CHEMBL5956134,Cc1nc2c(F)cc(-c3nc(Nc4ccc5c(n4)CCN(CC(C)(C)N)C5)ncc3F)cc2n1C(C)(C)C,18.0,7.75
mol_0374,CHEMBL451462,Cc1ncc(-c2nc(Nc3ccc(C(=O)N4CCN(C)CC4)cc3)ncc2F)n1C(C)C,18.0,7.75
mol_0375,CHEMBL3648103,CCC(Sc1nc(Nc2ccc(S(C)(=N)=O)cc2)ncc1Br)C(C)O,18.0,7.75
mol_0376,CHEMBL83775,COc1cc(-c2ccc[nH]2)c2c3c(ccc(F)c13)NC2=O,18.0,7.75
mol_0377,CHEMBL442186,O=C1Nc2ccc(F)c3c(SC[C@@H]4CCCN4)cc(-c4ccc[nH]4)c1c23,18.0,7.75
mol_0378,CHEMBL5748748,CC1(C)CCc2nc3c(F)cc(-c4nc(Nc5ccc6c(n5)CCN(C(=O)CO)C6)ncc4F)cc3n21,17.6,7.75
mol_0379,CHEMBL79364,O=C1Nc2ccc(F)c3c(OCCCO)cc(-c4ccc[nH]4)c1c23,18.0,7.75
mol_0380,CHEMBL5873158,Cc1nc2c(F)cc(-c3nc(Nc4ccc5c(n4)CCNC5)ncc3F)cc2n1C(C)(C)C,18.5,7.73
mol_0381,CHEMBL5758951,Cc1nc2c(F)cc(-c3nc(Nc4ccc5c(n4)CCN(CCN4CCC(B(O)O)CC4)C5)ncc3F)cc2n1C(C)(C)C,18.5,7.73
mol_0382,CHEMBL5189978,NCCCNCCCCNC(=O)c1ccc(Nc2nc(N[C@H]3CC[C@H](N)CC3)nc3c2ncn3C2CCCC2)cc1,19.0,7.72
mol_0383,CHEMBL272684,NS(=O)(=O)c1ccc(N/N=C2\C(=O)Nc3cccc(-c4cc[nH]n4)c32)cc1,19.0,7.72
mol_0384,CHEMBL457177,O=C(N[C@H]1CC[C@H](O)CC1)c1n[nH]cc1NC(=O)c1c(F)cccc1F,19.0,7.72
mol_0385,CHEMBL3648092,CCOC(=O)N=S(=O)(CC)c1ccc(Nc2ncc(Br)c(O[C@H](C)[C@H](C)O)n2)cc1,19.0,7.72
mol_0386,CHEMBL562104,CNC(=O)c1nn(C)c2c1CCc1cnc(Nc3ccccc3)nc1-2,19.0,7.72
mol_0387,CHEMBL1080913,Cc1n[nH]c2ccc(-c3nnc(NC[C@@H](N)Cc4ccc(F)c(F)c4)s3)cc12,19.0,7.72
mol_0388,CHEMBL4438059,Cc1nc2c(F)cc(-c3nc(Nc4ccc5c(n4)CCN(CCN(C)C)C5)ncc3F)cc2n1C1CCCCC1,19.2,7.72
mol_0389,CHEMBL457979,Cc1ncc(-c2ccnc(Nc3ccc(S(=O)(=O)Cc4ccccc4)cc3)n2)n1C(C)C,19.0,7.72
mol_0390,CHEMBL2158845,NS(=O)(=O)c1cccc(Nc2nccc(-c3ccnc(N4CCOCC4)c3)n2)c1,19.0,7.72
mol_0391,CHEMBL401377,Brc1cnn2c(NCc3ccncc3)cc(-c3ccccc3)nc12,20.0,7.7
mol_0392,CHEMBL6144593,O=C(NCC1CCOCC1)c1cc(C(F)(F)F)c(N2CCOCC2)nn1,20.1,7.7
mol_0393,CHEMBL452602,C[C@@H]1CNC[C@H](C(=O)Nc2ncc(SCc3ncc(C(C)(C)C)o3)s2)C1,20.0,7.7
mol_0394,CHEMBL255263,O=C(Cc1ccc(F)cc1)Nc1n[nH]c2ccc(N3CCCS3(=O)=O)cc12,20.0,7.7
mol_0395,CHEMBL191834,C[C@H](C(=O)Nc1cc(C2CC2)[nH]n1)c1ccc(N2CCOC2=O)cc1,20.0,7.7
mol_0396,CHEMBL496567,CC(C)(C)c1cnc(CSc2cnc(N[C@H]3CC[C@H](N)CC3)s2)o1,20.0,7.7
mol_0397,CHEMBL3648071,C[C@@H](O)[C@@H](C)Nc1nc(Nc2ccc(S(C)(=N)=O)cc2)ncc1Br,20.0,7.7
mol_0398,CHEMBL297570,CC(C)(C)c1cnc(CSc2cnc(NC(=O)C3CCCNC3)s2)o1,20.0,7.7
mol_0399,CHEMBL5176691,NCCCCNC(=O)c1ccc(Nc2nc(N[C@H]3CC[C@H](N)CC3)nc3c2ncn3C2CCCC2)cc1,20.0,7.7
mol_0400,CHEMBL603097,COc1ccc2nc3[nH]nc(C)c3c(OC)c2c1,20.0,7.7
mol_0401,CHEMBL3421973,CN1CCN(c2ccc(Nc3ncc(Cl)c(-c4c[nH]c5cnccc45)n3)cc2)CC1,20.0,7.7
mol_0402,CHEMBL5908734,Cc1nc2c(F)cc(-c3nc(Nc4ccc5c(n4)CCN(CCO)C5)ncc3F)cc2n1C(C)C,19.9,7.7
mol_0403,CHEMBL5933703,CNCCN1CCc2nc(Nc3ncc(F)c(-c4cc(F)c5nc(C)n(C6(C)CC6)c5c4)n3)ccc2C1,20.0,7.7
mol_0404,CHEMBL254367,O=C(Cc1cccc2ccccc12)Nc1n[nH]c2ccc(N3CCCS3(=O)=O)cc12,20.0,7.7
mol_0405,CHEMBL5899535,Cc1nc2c(F)cc(-c3nc(Nc4ccc5c(n4)CCN(C(=O)C4CC(O)C4)C5)ncc3F)cc2n1C(C)C,20.4,7.69
mol_0406,CHEMBL5939038,CN(C)[C@H]1CCN(C(=O)c2ccc(Nc3ncc(F)c(-c4cc(F)c5nc6n(c5c4)C(C)(C)CC6)n3)nc2)C1,20.4,7.69
mol_0407,CHEMBL5791509,Cc1nc2c(F)cc(-c3nc(Nc4ccc5c(n4)CCN(C(=O)CC4CC(O)C4)C5)ncc3F)cc2n1C1CC1,20.4,7.69
mol_0408,CHEMBL2158855,NS(=O)(=O)c1cccc(Nc2nccc(-c3ccnc(N4CC5CCC(C4)O5)c3)n2)c1,21.0,7.68
mol_0409,CHEMBL3644019,C[C@@H](Oc1nc(Nc2ccc(S(=O)(=O)C3CC3)cc2)ncc1C(F)(F)F)C(C)(C)O,21.0,7.68
mol_0410,CHEMBL5938059,Cc1nc2c(F)cc(-c3nc(Nc4ccc5c(n4)CCN(CCN)C5)ncc3F)cc2n1C(C)(C)C,20.8,7.68
mol_0411,CHEMBL3644022,C[C@@H](O)[C@@H](C)Oc1nc(Nc2ccc(S(=O)(=O)C3CCCC3)cc2)ncc1C(F)(F)F,21.0,7.68
mol_0412,CHEMBL272217,NS(=O)(=O)c1ccc(N/N=C2\C(=O)Nc3cccc(OCCc4ccncc4)c32)cc1,21.0,7.68
mol_0413,CHEMBL271182,CCc1ccc2c(c1)NC(=O)/C2=N\Nc1ccc(S(N)(=O)=O)cc1,21.0,7.68
mol_0414,CHEMBL1794054,NS(=O)(=O)c1ccc(N/N=C2\C(=O)Nc3cccc(CCc4ccncc4)c32)cc1,21.0,7.68
mol_0415,CHEMBL1800449,Nc1nccc(-c2cc(N3C[C@H](O)[C@@H](O)C3)ccc2O)n1,21.0,7.68
mol_0416,CHEMBL5981008,CC(=N)NCCN1CCc2nc(Nc3ncc(F)c(-c4cc(F)c5nc(C)n(C(C)C)c5c4)n3)ccc2C1,21.0,7.68
mol_0417,CHEMBL5571022,CN(C)C(=O)c1cc2cnc(Nc3ccc(S(N)(=O)=O)cc3)nc2n1C1CCCC1,21.0,7.68
mol_0418,CHEMBL3642648,Fc1ccccc1-c1cc(NCc2cccnc2)n2ncc(Cl)c2n1,21.0,7.68
mol_0419,CHEMBL5172816,NCCCNCCCCNc1ccc(Nc2nc(N[C@H]3CC[C@H](N)CC3)nc3c2ncn3C2CCCC2)cc1,21.0,7.68
mol_0420,CHEMBL4213756,COCCN1CCc2nc(Nc3ncc(F)c(-c4cc(F)c5nc(C)n(C(C)C)c5c4)n3)ccc2C1,21.5,7.67
mol_0421,CHEMBL2035044,CN1C/C=C/CCOc2cc(ccn2)-c2ccnc(n2)Nc2cccc(c2)C1,22.0,7.66
mol_0422,CHEMBL412097,C/C(Nc1ccc(S(N)(=O)=O)cc1)=C1/C(=O)Nc2ccc(Cl)cc21,22.0,7.66
mol_0423,CHEMBL254170,CS(=O)(=O)c1ccc(CC(=O)Nc2n[nH]c3ccc(N4CCCS4(=O)=O)cc23)cc1,22.0,7.66
mol_0424,CHEMBL1207227,O=C1C(c2c(O)[nH]c3ccc(S(=O)(=O)O)cc23)=Nc2ccccc21,22.0,7.66
mol_0425,CHEMBL4207796,Cc1nc2c(F)cc(-c3nc(Nc4ccc5c(n4)CCN(CCF)C5)ncc3F)cc2n1C(C)C,22.5,7.65
mol_0426,CHEMBL5399420,CN1CCN(Cc2ccc(NC(=O)c3n[nH]cc3Nc3ccncn3)cc2)CC1,23.03,7.64
mol_0427,CHEMBL2158858,CNC(=O)Nc1ccc(-c2cc(-c3ccnc(Nc4cccc(S(N)(=O)=O)c4)n3)ccn2)cc1,23.0,7.64
mol_0428,CHEMBL309767,NCCS(=O)(=O)c1cc(-c2ccc[nH]2)c2c3c(ccc(F)c13)NC2=O,23.0,7.64
mol_0429,CHEMBL3357951,C[C@@H](NC(=O)N1CCc2cnc(Nc3ccnn3C)nc2C1)c1ccc(Cl)c(Cl)c1,23.0,7.64
mol_0430,CHEMBL4753350,C=CC(=O)Nc1ccc(C(=O)N2CCCC(Nc3ncc(/C=C/c4ncc(C(C)(C)C)o4)s3)C2)cc1,22.9,7.64
mol_0431,CHEMBL6168381,Cc1cc(C)cc(NNC(=O)[C@H]2CCCN2C(=O)Nc2ccc(C(F)(F)F)cc2)c1,23.0,7.64
mol_0432,CHEMBL5281464,Cc1c(C(=O)NCCc2ccc(N3CCOCC3)cc2)[nH]c2ccc(Cl)cc12,23.0,7.64
mol_0433,CHEMBL514913,CCn1c(-c2ccnc(Nc3ccc(S(C)(=O)=O)cc3)n2)cnc1C,23.0,7.64
mol_0434,CHEMBL5858311,C=CC(=O)Nc1ccc(C(=O)N2CCC[C@@H](Nc3ncc(/C=C/c4ncc(C(C)(C)C)o4)s3)C2)cc1,22.9,7.64
mol_0435,CHEMBL5775091,Cc1nc2c(F)cc(-c3nc(Nc4ccc5c(n4)CCN(CCS(C)(=O)=NC#N)C5)ncc3F)cc2n1C(C)C,23.6,7.63
mol_0436,CHEMBL103285,NS(=O)(=O)c1ccc(Nc2cc(-c3cccc(Br)c3)[nH]n2)cc1,23.4,7.63
mol_0437,CHEMBL4753717,CN(C)CC/C=C/C(=O)Nc1ccc(C(=O)N2CCCC(C(=O)Nc3ncc(SCc4ncc(C(C)(C)C)o4)s3)C2)cc1,23.3,7.63
mol_0438,CHEMBL5289560,CCc1c(C(=O)NCCc2ccc(N3CCOCC3)cc2)[nH]c2ccc(C(F)(F)F)cc12,24.0,7.62
mol_0439,CHEMBL1081628,N[C@H](CNc1nnc(-c2ccc3[nH]ncc3c2)s1)Cc1ccc(C(F)(F)F)cc1,24.0,7.62
mol_0440,CHEMBL560818,Cn1nc(C(N)=O)c2c1-c1nc(Nc3ccccc3)ncc1CC2(C)C,24.0,7.62
mol_0441,CHEMBL255463,O=C(Cc1ccccc1Cl)Nc1n[nH]c2ccc(N3CCCS3(=O)=O)cc12,24.0,7.62
mol_0442,CHEMBL6013826,Cc1nc2c(F)cc(-c3nc(Nc4ccc5c(n4)CCN(CCN(C)C)[C@H]5C)ncc3F)cc2n1C(C)(C)C,23.8,7.62
mol_0443,CHEMBL3648124,CCS(=N)(=O)c1ccc(Nc2ncc(Br)c(N[C@@H](C)C(C)(C)O)n2)cc1,24.0,7.62
mol_0444,CHEMBL3642646,Fc1ccccc1-c1cc(NCc2ccncc2)n2ncc(Br)c2n1,24.0,7.62
mol_0445,CHEMBL476518,Cc1ncc(-c2ccnc(Nc3ccc(N(C)C)cc3)n2)n1C(C)C,24.0,7.62
mol_0446,CHEMBL5895271,C=CC(=O)Nc1ccc(OC(=O)N2CCCC(Nc3ncc(SCc4ncc(C(C)(C)C)o4)s3)C2)cc1,24.6,7.61
mol_0447,CHEMBL5765852,CCN1CCC(COc2ccc(Nc3cc(-c4cc(F)c5nc6n(c5c4)C(C)(C)CC6)c(F)cn3)nc2)CC1,24.7,7.61
mol_0448,CHEMBL319685,COc1cccc(-c2cc(Nc3ccc(S(N)(=O)=O)cc3)[nH]n2)c1,24.5,7.61
mol_0449,CHEMBL3823659,CC(=O)N1CCC(n2cc(Nc3ncc(Cl)c(-c4cnc5ccccn45)n3)cn2)CC1,25.0,7.6
mol_0450,CHEMBL485431,Cc1ncc(-c2ccnc(Nc3ccc(S(=O)(=O)NCCN(C)C)cc3)n2)n1C,25.0,7.6
mol_0451,CHEMBL1761791,Nc1nc(Nc2cccnc2)sc1C(=O)c1ccccc1F,25.0,7.6
mol_0452,CHEMBL272026,NS(=O)(=O)c1ccc(N/N=C2\C(=O)Nc3ccc(C(=O)NCCCn4ccnc4)cc32)cc1,25.0,7.6
mol_0453,CHEMBL2426395,COc1ccc(NC(=S)NC(=O)c2cn(-c3ccccc3)nc2-c2ccc(OC)cc2)cc1,25.0,7.6
mol_0454,CHEMBL5201965,NCCCNCCCCNC(=O)c1ccc(CNc2nc(N[C@H]3CC[C@H](N)CC3)nc3c2ncn3C2CCCC2)cc1,25.0,7.6
mol_0455,CHEMBL510578,O=C(NCC1CC1)c1n[nH]cc1NC(=O)c1c(F)cccc1F,25.0,7.6
mol_0456,CHEMBL4439999,Cc1nc2c(F)cc(-c3nc(Nc4ccc5c(n4)CCN(CCN(C)CC[Si](C)(C)C)C5)ncc3F)cc2n1C(C)C,25.1,7.6
mol_0457,CHEMBL3648078,C[C@@H](Nc1nc(Nc2ccc(S(=N)(=O)C3CCCC3)cc2)ncc1Br)C(C)(C)O,25.0,7.6
mol_0458,CHEMBL3644028,C#CCOc1nc(Nc2ccc(S(C)(=O)=O)cc2)ncc1C(F)(F)F,25.0,7.6
mol_0459,CHEMBL186163,Nc1nc2ccc(C(=O)c3c(F)cccc3F)cn2c1C(=S)c1c(F)cccc1F,26.0,7.58
mol_0460,CHEMBL1964256,CNS(=O)(=O)Cc1ccc(N/C=C2\C(=O)Nc3ccc4ncsc4c32)cc1,26.0,7.58
mol_0461,CHEMBL5205172,NCCCCNC(=O)c1ccc(CNc2nc(N[C@H]3CC[C@H](N)CC3)nc3c2ncn3C2CCCC2)cc1,27.0,7.57
mol_0462,CHEMBL5751847,Cc1nc2c(F)cc(-c3nc(Nc4ccc5c(n4)CCN(CC(N)=NO)C5)ncc3F)cc2n1C(C)(C)C,27.0,7.57
mol_0463,CHEMBL491447,Cn1cc(C2=C(c3coc4cc(CO)ccc34)C(=O)NC2=O)c2cccc(CO)c21,27.0,7.57
mol_0464,CHEMBL3648105,CCC(Sc1nc(Nc2ccc(S(C)(=N)=O)cc2)ncc1Br)C(C)(C)O,27.0,7.57
mol_0465,CHEMBL5953254,Cc1nc2c(F)cc(-c3nc(Nc4ccc5c(n4)CCN(CCN(C)CCP(=O)(O)O)C5)ncc3F)cc2n1C(C)(C)C,27.6,7.56
mol_0466,CHEMBL79356,NCC[S+]([O-])c1cc(-c2ccc[nH]2)c2c3c(ccc(F)c13)NC2=O,28.0,7.55
mol_0467,CHEMBL3648087,CCOC(=O)N=S(C)(=O)c1ccc(Nc2ncc(Br)c(N[C@@H](COC)[C@H](C)O)n2)cc1,28.0,7.55
mol_0468,CHEMBL272668,NS(=O)(=O)c1ccc(N/C=C2\C(=O)Nc3ccc(C(=O)O)cc32)cc1,28.0,7.55
mol_0469,CHEMBL5856237,Cc1nc2c(F)cc(-c3nc(Nc4ccc5c(n4)CCN(C(=O)[C@@H](C)N(C)C)C5)ncc3F)cc2n1C(C)C,28.3,7.55
mol_0470,CHEMBL5894670,Cc1nc2c(F)cc(-c3nc(Nc4ccc5c(n4)CCN(C(=O)NCCO)C5)ncc3F)cc2n1C(C)C,28.2,7.55
mol_0471,CHEMBL495558,CC(C)(C)c1cnc(CSc2cnc(NC3CCCC(O)C3)s2)o1,28.0,7.55
mol_0472,CHEMBL5994564,Cc1nc2c(F)cc(-c3nc(Nc4ccc5c(n4)CCN(C[C@@H]4CCCN4C)C5)ncc3F)cc2n1C1CC1,28.5,7.54
mol_0473,CHEMBL114917,COc1cccc(CC(=O)Nc2cc(C3CC3)[nH]n2)c1,28.97,7.54
mol_0474,CHEMBL2426394,COc1ccc(-c2nn(-c3ccccc3)cc2C(=O)NC(=S)Nc2ccc(C)cc2)cc1,29.0,7.54
mol_0475,CHEMBL4786429,CN(C)C/C=C/C(=O)Nc1cccc(C(=O)Nc2ncc(SCc3ncc(C(C)(C)C)o3)s2)c1,29.0,7.54
mol_0476,CHEMBL185971,COc1cc(F)c(C(=S)c2c(N)nc3ccc(C(=O)c4c(F)cccc4F)cn23)c(F)c1,29.0,7.54
mol_0477,CHEMBL5988596,Cc1nc2c(F)cc(-c3nc(Nc4ccc5c(n4)CCN(CC(C)(C)N(C)C)C5)ncc3F)cc2n1C(C)(C)C,29.0,7.54
mol_0478,CHEMBL5911327,Cc1nc2c(F)cc(-c3nc(Nc4ccc5c(n4)CCN(CCCN(C)C)C5)ncc3F)cc2n1C(C)(C)C,28.5,7.54
mol_0479,CHEMBL565137,CNC(=O)c1nn(C)c2c1C(C)(C)Cc1cnc(Nc3ccc(OC4CCN(C)CC4)cc3)nc1-2,29.0,7.54
mol_0480,CHEMBL6060984,COCC(=O)N1CCc2nc(Nc3ncc(F)c(-c4cc(F)c5nc(C)n(C(C)C)c5c4)n3)ccc2C1,28.7,7.54
mol_0481,CHEMBL5814867,CNCC(=O)N1CCc2nc(Nc3ncc(F)c(-c4cc(F)c5nc(C)n(C(C)C)c5c4)n3)ccc2C1,29.6,7.53
mol_0482,CHEMBL84944,CC(C)C(CO)Nc1nc(NCc2cccc(O)c2)c2ncn(C(C)C)c2n1,30.0,7.52
mol_0483,CHEMBL258040,O=C(Cc1ccc(N2CCCCC2)cc1)Nc1n[nH]c2ccc(N3CCCS3(=O)=O)cc12,30.0,7.52
mol_0484,CHEMBL574737,CN[C@@H]1C[C@H]2O[C@@](C)([C@@H]1OC)n1c3ccccc3c3c4c(c5c6ccccc6n2c5c31)C(=O)N[C@H]4O,30.0,7.52
mol_0485,CHEMBL509730,CC(C)Nc1cc(N[C@H]2CC[C@H](N)CC2)nc2c(C#N)cnn12,30.0,7.52
mol_0486,CHEMBL576257,Cc1cc(Nc2cnc(C#N)c(N[C@@H](C)c3ccc(F)cn3)n2)n[nH]1,30.0,7.52
mol_0487,CHEMBL58483,O=C1Nc2cccc(CCO)c2/C1=C/c1[nH]cc2c1CCOC2=O,30.0,7.52
mol_0488,CHEMBL1922219,CC[C@H](Nc1nc(NCc2cccnc2)c2ncn(C(C)C)c2n1)[C@@H](C)O,30.0,7.52
mol_0489,CHEMBL254171,O=C(Cc1ccc(-c2ccncc2)cc1)Nc1n[nH]c2ccc(N3CCCS3(=O)=O)cc12,30.0,7.52
mol_0490,CHEMBL48362,CN1CCC(c2c(O)cc(O)c3c2O/C(=C\c2ccc(S(N)(=O)=O)cc2)C3=O)CC1,30.0,7.52
mol_0491,CHEMBL6144731,CN1CC(F)(F)CCN(C)[C@H]2CC[C@@H](C2)Nc2ncc(C(F)(F)F)c(n2)-c2c[nH]c3c(P(C)(C)=O)c(ccc23)C1=O,30.3,7.52
mol_0492,CHEMBL2426397,COc1ccc(-c2nn(-c3ccccc3)cc2C(=O)NC(=S)Nc2ccc(Cl)cc2)cc1,30.0,7.52
mol_0493,CHEMBL231950,C/C(=C1/SC(=N)NC1=O)c1ccc(-c2ccc(S(N)(=O)=O)cc2)o1,30.0,7.52
mol_0494,CHEMBL5763679,Cc1nc2c(F)cc(-c3nc(Nc4ccc5c(n4)CCN(C(=O)CN4CCOCC4)C5)ncc3F)cc2n1C(C)C,31.1,7.51
mol_0495,CHEMBL2143507,CC(=O)Nc1ccc(C(C)C(=O)Nc2ncc(C(C)C)s2)cc1,31.0,7.51
mol_0496,CHEMBL5178263,NCCCNCCCCNCCCNc1ccc(Nc2nc(N[C@H]3CC[C@H](N)CC3)nc3c2ncn3C2CCCC2)cc1,31.0,7.51
mol_0497,CHEMBL564884,CNC(=O)c1nn(C)c2c1C(C)(C)Cc1cnc(Nc3cccc(N4CCN(C)CC4)c3)nc1-2,31.0,7.51
mol_0498,CHEMBL6009610,Cc1nc2c(F)cc(-c3nc(Nc4ccc5c(n4)CCN(CCN(C)C)[C@@H]5C)ncc3F)cc2n1C(C)(C)C,31.1,7.51
mol_0499,CHEMBL2158854,NS(=O)(=O)c1cccc(Nc2nccc(-c3ccnc(N4C5CCC4COC5)c3)n2)c1,31.0,7.51
mol_0500,CHEMBL5209307,CCCc1cnc(NC(=O)[C@@H](C)c2ccc(NC(C)=O)cc2)s1,31.0,7.51
mol_0501,CHEMBL5950534,Cc1nc2c(F)cc(-c3nc(Nc4ccc5c(n4)C[C@@H](C)NC5)ncc3F)cc2n1C(C)(C)C,30.7,7.51
mol_0502,CHEMBL2426396,COc1ccc(-c2nn(-c3ccccc3)cc2C(=O)NC(=S)Nc2ccc(F)cc2)cc1,32.0,7.5
mol_0503,CHEMBL5834517,CC(=O)N1CCc2nc(Nc3ncc(F)c(-c4cc(F)c5nc(C)n(C(C)C)c5c4)n3)ccc2C1,31.9,7.5
mol_0504,CHEMBL1241566,Cc1ccc(F)c(Nc2nccc(-c3ccc(S(N)(=O)=O)cc3)n2)c1,32.0,7.5
mol_0505,CHEMBL5775776,Cc1nc2c(F)cc(-c3nc(Nc4ccc5c(n4)CCN(CCN4CC=C(B(O)O)CC4)C5)ncc3F)cc2n1C(C)(C)C,32.0,7.5
mol_0506,CHEMBL5947385,C=CC(=O)N1CCc2nc(Nc3ncc(F)c(-c4cc(F)c5nc(C)n(C(C)C)c5c4)n3)ccc2C1,32.3,7.49
mol_0507,CHEMBL3648100,CCC(C)Sc1nc(Nc2ccc(S(C)(=N)=O)cc2)ncc1Br,33.0,7.48
mol_0508,CHEMBL57256,CN(C)S(=O)(=O)c1ccc2c(c1)/C(=C/c1[nH]cc3c1CCOC3=O)C(=O)N2,33.0,7.48
mol_0509,CHEMBL1241662,Nc1nc2ccc(C(=O)c3c(F)cccc3Cl)cc2n1Cc1c(F)cccc1F,33.0,7.48
mol_0510,CHEMBL5287016,CCc1c(C(=O)NCCc2ccc(N3CCCCC3)cc2)[nH]c2ccc(C)cc12,33.0,7.48
mol_0511,CHEMBL3940661,CS(=N)(=O)c1ccc(Nc2ncc(Br)c(Nc3ccccc3)n2)cc1,33.0,7.48
mol_0512,CHEMBL183941,Nc1nc2ccc(C(=O)c3c(F)cccc3Cl)cn2c1C(=O)c1c(F)cccc1F,33.0,7.48
mol_0513,CHEMBL457888,Cc1ncc(-c2ccnc(Nc3ccc(S(=O)(=O)CCCN4CCOCC4)cc3)n2)n1C(C)C,33.0,7.48
mol_0514,CHEMBL5280144,Cc1c(C(=O)NCCc2ccc(F)cc2)[nH]c2cc(F)ccc12,34.0,7.47
mol_0515,CHEMBL115319,O=C(Nc1cc(C2CC2)[nH]n1)c1ccc(Br)cc1,34.0,7.47
mol_0516,CHEMBL4212532,Cc1nc2c(F)cc(-c3nc(Nc4ccc5c(n4)CCN(C(=O)CN(C)C)C5)ncc3F)cc2n1C(C)C,33.7,7.47
mol_0517,CHEMBL101801,NC(=O)c1ccc(Nc2nc(N)c(N=O)c(OCC3CCCCC3)n2)cc1,34.0,7.47
mol_0518,CHEMBL5942702,C#CCN1CCc2nc(Nc3ncc(F)c(-c4cc(F)c5nc(C)n(C(C)C)c5c4)n3)ccc2C1,33.9,7.47
mol_0519,CHEMBL273061,NS(=O)(=O)c1ccc(N/N=C2\C(=O)Nc3ccc(F)cc32)cc1,34.0,7.47
mol_0520,CHEMBL4872952,Cc1n[nH]c2ccc(-c3cncc(N[C@@H](CO)c4cccc(F)c4)n3)cc12,34.48,7.46
mol_0521,CHEMBL5905735,Cc1nc2c(F)cc(-c3nc(Nc4ccc5c(n4)CCN(C(C)C)C5)ncc3F)cc2n1C(C)C,35.0,7.46
mol_0522,CHEMBL561440,CNC(=O)c1nn(C)c2c1C(C)(C)Cc1cnc(Nc3ccc(CN(C)C)cc3)nc1-2,35.0,7.46
mol_0523,CHEMBL609040,O=C1Nc2cc3c(O)cccc3c3c4c(cc1c23)OCO4,35.0,7.46
mol_0524,CHEMBL1080561,Cc1n[nH]c2ccc(-c3nnc(NC[C@@H](N)Cc4cccc(C(F)(F)F)c4)s3)cc12,35.0,7.46
mol_0525,CHEMBL5921721,Cc1nc2c(F)cc(-c3nc(Nc4ccc5c(n4)CCN(CCN(C)CC[Si](C)(C)C)C5)ncc3F)cc2n1C(C)(C)C,34.6,7.46
mol_0526,CHEMBL5976517,Cc1nc2c(F)cc(-c3nc(Nc4ccc5c(n4)CCN(CC#CCN(C)C)C5)ncc3F)cc2n1C(C)C,35.5,7.45
mol_0527,CHEMBL1092754,Cn1cc(/C=C2\Oc3cccc(O)c3C2=O)c2c(-c3ccc(C(=O)NCCO)cc3)ccnc21,35.5,7.45
mol_0528,CHEMBL455450,C[C@H]1CNC[C@@H](C(=O)Nc2ncc(SCc3ncc(C(C)(C)C)o3)s2)C1,36.0,7.44
mol_0529,CHEMBL3644020,C[C@@H](O)[C@@H](C)Oc1nc(Nc2ccc(S(=O)(=O)c3ccccc3)cc2)ncc1C(F)(F)F,36.0,7.44
mol_0530,CHEMBL550959,CNC(=O)c1nn(C)c2c1C(C)(C)Cc1cnc(Nc3ccc(CN4CCOCC4)cc3)nc1-2,36.0,7.44
mol_0531,CHEMBL507722,Cc1ncc(-c2nc(Nc3ccc(C(=O)NC4CCN(C)CC4)cc3)ncc2F)n1C(C)C,36.0,7.44
mol_0532,CHEMBL255255,O=C(Cc1ccccc1)Nc1n[nH]c2ccc(N3CCCS3(=O)=O)cc12,36.0,7.44
mol_0533,CHEMBL457887,Cc1ncc(-c2ccnc(Nc3ccc(S(=O)(=O)CCCN(C)C)cc3)n2)n1C(C)C,36.0,7.44
mol_0534,CHEMBL2426391,COc1ccc(NC(=S)NC(=O)c2cn(-c3ccccc3)nc2-c2ccc(F)cc2)cc1,36.0,7.44
mol_0535,CHEMBL191144,C[C@H](C(=O)Nc1cc(C2CC2)[nH]n1)c1ccc(N2CCCC2=O)cc1,37.0,7.43
mol_0536,CHEMBL115220,O=C(Cc1ccc2ccccc2c1)Nc1cc(C2CC2)n[nH]1,37.0,7.43
mol_0537,CHEMBL5833493,Cc1nc2c(F)cc(-c3nc(Nc4ccc5c(n4)CCN(C(=O)CC(C)(C)O)C5)ncc3F)cc2n1C(C)C,37.2,7.43
mol_0538,CHEMBL2426387,COc1ccc(NC(=S)NC(=O)c2cn(-c3ccccc3)nc2-c2ccc(Cl)cc2)cc1,37.0,7.43
mol_0539,CHEMBL5811164,Cc1nc2c(F)cc(-c3nc(Nc4ccc5c(n4)CCC(C(=O)CN)C5)ncc3F)cc2n1C(C)C,37.2,7.43
mol_0540,CHEMBL5894084,Cc1nc2c(F)cc(-c3nc(Nc4ccc5c(n4)CCN(C(=O)CN)C5)ncc3F)cc2n1C(C)C,37.2,7.43
mol_0541,CHEMBL455468,Cc1ncc(-c2ccnc(Nc3ccc(C(=O)NC4CCN(C)CC4)cc3)n2)n1C(C)C,37.0,7.43
mol_0542,CHEMBL5186025,O=C1Nc2ccc(Br)cc2/C1=N/NC(=O)c1cc2cc(Br)ccc2o1,38.0,7.42
mol_0543,CHEMBL507167,N[C@H]1CC[C@H](NC(=O)c2n[nH]cc2NC(=O)c2c(F)cccc2F)CC1,38.0,7.42
mol_0544,CHEMBL72510,Cc1nc2ccccn2c1-c1ccnc(Nc2ccc(S(N)(=O)=O)cc2)n1,38.0,7.42
mol_0545,CHEMBL5953872,COC(=O)N1CCc2nc(Nc3ncc(F)c(-c4cc(F)c5nc(C)n(C(C)C)c5c4)n3)ccc2C1,38.2,7.42
mol_0546,CHEMBL5935222,COC(=O)CN1CCc2nc(Nc3ncc(F)c(-c4cc(F)c5nc(C)n(C(C)C)c5c4)n3)ccc2C1,38.2,7.42
mol_0547,CHEMBL3655768,CC[C@H](Nc1nc(NCC2CC2)c2ncn(C(C)C)c2n1)[C@@H](C)O,40.0,7.4
mol_0548,CHEMBL3655772,CC[C@H](Nc1nc(NCc2ccc(C(F)(F)F)nc2)c2ncn(C(C)C)c2n1)[C@@H](C)O,40.0,7.4
mol_0549,CHEMBL258039,CCN(CC)c1ccc(CC(=O)Nc2n[nH]c3ccc(N4CCCS4(=O)=O)cc23)cc1,40.0,7.4
mol_0550,CHEMBL5414905,CCc1cnn2c(NCc3nc4ccc(F)c(F)c4[nH]3)cc(N3CCCC[C@H]3CCO)nc12,40.0,7.4
mol_0551,CHEMBL3655770,CC[C@H](Nc1nc(NCc2ccncc2)c2ncn(C(C)C)c2n1)[C@@H](C)O,40.0,7.4
mol_0552,CHEMBL495751,CCN(CC)CCNC(=O)c1cccc(Nc2nccc(-c3cnn4ncccc34)n2)c1,40.0,7.4
mol_0553,CHEMBL524059,O=C(O)c1ccc(Nc2nccc(-c3cnn4ncccc34)n2)cc1,40.0,7.4
mol_0554,CHEMBL359963,CC(C)c1ccc(Nc2nccc(-c3cnn4ncccc34)n2)cc1,40.0,7.4
mol_0555,CHEMBL5818702,C/C(=N/O)N(C)CCN1CCc2nc(Nc3ncc(F)c(-c4cc(F)c5nc(C)n(C(C)(C)C)c5c4)n3)ccc2C1,40.2,7.4
mol_0556,CHEMBL5979966,Cc1nc2c(F)cc(-c3nc(Nc4ccc5c(n4)CCN(CCN4CCN(C)CC4)C5)ncc3F)cc2n1C(C)(C)C,39.6,7.4
mol_0557,CHEMBL300767,COc1ccc2c(c1)/C(=C/c1[nH]cc3c1CCOC3=O)C(=O)N2,40.0,7.4
mol_0558,CHEMBL482193,CC[C@H](CO)Nc1nc(NCc2ccccc2)n2ncc(C(C)C)c2n1,40.0,7.4
mol_0559,CHEMBL2426384,Cc1ccc(-c2nn(-c3ccccc3)cc2C(=O)NC(=S)Nc2ccc(F)cc2)cc1,41.0,7.39
mol_0560,CHEMBL1081451,N[C@H](CNc1nnc(-c2ccc3[nH]ncc3c2)s1)Cc1ccc(Cl)cc1,41.0,7.39
mol_0561,CHEMBL3648101,CC(O)CSc1nc(Nc2ccc(S(C)(=N)=O)cc2)ncc1Br,41.0,7.39
mol_0562,CHEMBL5976927,Cc1nc2c(F)cc(-c3nc(Nc4ccc5c(n4)CCN(C(=O)C4CC(N)C4)C5)ncc3F)cc2n1C(C)C,40.6,7.39
mol_0563,CHEMBL488256,CNC(=O)c1ccc(Nc2nccc(-c3cnc(C)n3CC3CC3)n2)cc1,42.0,7.38
mol_0564,CHEMBL1800455,Nc1nc(-c2cc(N3C[C@H](O)[C@@H](O)C3)ccc2O)cc(C2CCCC2)n1,42.0,7.38
mol_0565,CHEMBL6163082,O=C(NNC(=O)c1oc2ccccc2c1CN1CCN(c2ccccc2)CC1)Nc1ccc(Cl)c(C(F)(F)F)c1,41.7,7.38
mol_0566,CHEMBL2426386,Cc1ccc(NC(=S)NC(=O)c2cn(-c3ccccc3)nc2-c2ccc(Cl)cc2)cc1,42.0,7.38
mol_0567,CHEMBL5532236,CCC(=O)Nc1ccc(CNc2nc(O[C@@H]3CCCNC3)nc3c(C(C)C)cnn23)cc1,41.18,7.38
mol_0568,CHEMBL3642651,CC(C)c1cc(NCc2ccncc2)n2ncc(Br)c2n1,42.0,7.38
mol_0569,CHEMBL1800450,Cc1cc(-c2cc(N3C[C@H](O)[C@@H](O)C3)ccc2O)nc(N)n1,42.0,7.38
mol_0570,CHEMBL3648088,CCOC(=O)N=S(=O)(CC)c1ccc(Nc2ncc(Br)c(N[C@H](C)C(C)(C)O)n2)cc1,42.0,7.38
mol_0571,CHEMBL3644025,C#CCS(=O)(=O)c1ccc(Nc2ncc(C(F)(F)F)c(O[C@H](C)C(C)(C)O)n2)cc1,43.0,7.37
mol_0572,CHEMBL271183,NS(=O)(=O)c1ccc(N/N=C2\C(=O)Nc3cc(Br)ccc32)cc1,43.0,7.37
mol_0573,CHEMBL270054,NS(=O)(=O)c1ccc(N/N=C2\C(=O)Nc3ccc(Cl)cc32)cc1,43.0,7.37
mol_0574,CHEMBL272387,NS(=O)(=O)c1ccc(N/N=C2\C(=O)Nc3ccc(S(N)(=O)=O)cc32)cc1,43.0,7.37
mol_0575,CHEMBL2426390,Cc1ccc(NC(=S)NC(=O)c2cn(-c3ccccc3)nc2-c2ccc(F)cc2)cc1,43.0,7.37
mol_0576,CHEMBL5816005,Cc1nc2c(F)cc(-c3nc(Nc4ccc5c(n4)CCN(CCN4CCOCC4)C5)ncc3F)cc2n1C(C)(C)C,42.8,7.37
mol_0577,CHEMBL190281,O=c1c(Br)cc2cnc(Nc3ccc(N4CCNCC4)cc3)nc2n1C1CCCC1,43.0,7.37
mol_0578,CHEMBL4846069,COc1ccc(CC(=O)Nc2cc(C3CCC3)[nH]n2)cc1,44.0,7.36
mol_0579,CHEMBL5194832,C[C@@H]1CCC[C@H]1N1C(=O)C2(CC2)c2cnc(Nc3ccc(S(=O)(=O)N[C@@H]4CCCN(C)C4)cc3)nc21,44.0,7.36
mol_0580,CHEMBL2426393,O=C(NC(=S)Nc1ccc(Cl)cc1)c1cn(-c2ccccc2)nc1-c1ccc(F)cc1,44.0,7.36
mol_0581,CHEMBL498659,Cl.O=C(N[C@H]1CCCNC1)c1n[nH]cc1NC(=O)c1c(F)cccc1F,44.0,7.36
mol_0582,CHEMBL559844,CNC(=O)c1nn(C)c2c1CCc1cnc(Nc3ccc(N4CCN(C)CC4)cc3)nc1-2,45.0,7.35
mol_0583,CHEMBL5982253,Cc1nc2c(F)cc(-c3nc(Nc4ccc5c(n4)C[C@@H](C)N(CCN(C)C)C5)ncc3F)cc2n1C(C)(C)C,44.9,7.35
mol_0584,CHEMBL564829,CNC(=O)c1nn(C)c2c1C(C)(C)Cc1cnc(Nc3ccc(N4CCN(C)CC4)cc3)nc1-2,45.0,7.35
mol_0585,CHEMBL6058303,Cc1nc2c(F)cc(-c3nc(Nc4ccc5c(n4)C[C@H](C)N(CCN(C)C)C5)ncc3F)cc2n1C(C)(C)C,44.9,7.35
mol_0586,CHEMBL5941236,CC1(C)CCc2nc3c(F)cc(-c4nc(Nc5ccc(OCC6CCN(CCCO)CC6)cn5)ncc4F)cc3n21,44.9,7.35
mol_0587,CHEMBL151546,NC(=O)Nc1cccc2c1C(=O)c1c(-c3csc(Cl)c3)n[nH]c1-2,46.0,7.34
mol_0588,CHEMBL2158848,Cc1cccc(Nc2nccc(-c3ccnc(N4CCOCC4)c3)n2)c1,46.0,7.34
mol_0589,CHEMBL5287042,CCc1c(C(=O)NCCc2ccccc2)[nH]c2ccc(C)cc12,46.0,7.34
mol_0590,CHEMBL188392,NC(=O)c1cc(F)c(C(=O)c2c(N)nc3ccc(C(=O)c4c(Cl)cccc4Cl)cn23)c(F)c1,46.0,7.34
mol_0591,CHEMBL475948,Cc1ncc(-c2nc(Nc3ccc(N4CCC[C@H]4C(=O)N(C)C)cc3)ncc2F)n1C(C)C,46.0,7.34
mol_0592,CHEMBL271843,Cc1ccc2c(c1)/C(=N/Nc1ccc(S(N)(=O)=O)cc1)C(=O)N2,46.0,7.34
mol_0593,CHEMBL560102,CNC(=O)c1nn(C)c2c1C(C)(C)Cc1cnc(Nc3cccc(OC4CCN(C)CC4)c3)nc1-2,47.0,7.33
mol_0594,CHEMBL445813,O=C(NC1CCNCC1)c1n[nH]cc1NC(=O)c1c(Cl)cccc1Cl,47.0,7.33
mol_0595,CHEMBL5440428,O=C(NC1CCNCC1)c1n[nH]cc1NC(=O)c1c(Cl)cccc1Cl.O=C(O)C(F)(F)F,47.0,7.33
mol_0596,CHEMBL2426383,COc1ccc(NC(=S)NC(=O)c2cn(-c3ccccc3)nc2-c2ccc(C)cc2)cc1,47.0,7.33
mol_0597,CHEMBL6147308,COc1cccc(NC(=O)NNC(=O)c2oc3ccccc3c2CN2CCN(c3ccccc3)CC2)c1,46.88,7.33
mol_0598,CHEMBL5834090,Cc1nc2c(F)cc(-c3nc(Nc4ccc5c(n4)CCN(CCN(C)CCO)C5)ncc3F)cc2n1C(C)(C)C,48.4,7.32
mol_0599,CHEMBL3648090,CCOC(=O)N=S(C)(=O)c1ccc(Nc2ncc(Br)c(N[C@H](C)C(C)(C)O)n2)cc1C,48.0,7.32
mol_0600,CHEMBL114851,O=C(Cc1ccccc1)Nc1cc(C2CC2)[nH]n1,47.97,7.32
mol_0601,CHEMBL5273925,CC(C)(C)c1coc(CSc2cnc(NC(=O)C3CCNCC3)s2)n1,48.0,7.32
mol_0602,CHEMBL4448494,Cc1nc2c(F)cc(-c3nc(Nc4ccc5c(n4)CCN(CCN(C)C)C5)ncc3F)cc2n1C(C)C,47.7,7.32
mol_0603,CHEMBL81196,NCCCNc1cc(-c2ccc[nH]2)c2c3c(ccc(F)c13)NC2=O,48.0,7.32
mol_0604,CHEMBL3644030,C=CCOc1nc(Nc2ccc(S(C)(=O)=O)cc2)ncc1C(F)(F)F,49.0,7.31
mol_0605,CHEMBL58466,O=C1Nc2cccc(C3CCNCC3)c2/C1=C/c1[nH]cc2c1CCNC2=O,49.0,7.31
mol_0606,CHEMBL2426392,O=C(NC(=S)Nc1ccc(F)cc1)c1cn(-c2ccccc2)nc1-c1ccc(F)cc1,49.0,7.31
mol_0607,CHEMBL3648079,C[C@@H](Nc1nc(Nc2ccc(S(=O)(CC=O)=NS(=O)(=O)CC[Si](C)(C)C)cc2)ncc1Br)C(C)(C)O,49.0,7.31
mol_0608,CHEMBL3655771,CC[C@H](Nc1nc(NCc2cc(C)nc(C)c2)c2ncn(C(C)C)c2n1)[C@@H](C)O,50.0,7.3
mol_0609,CHEMBL3655767,CC[C@H](Nc1nc(NC2CC2)c2ncn(C(C)C)c2n1)[C@@H](C)O,50.0,7.3
mol_0610,CHEMBL570002,Cc1cc(Nc2cnc(C#N)c(N[C@@H](C)c3ncc(F)cn3)n2)n[nH]1,50.0,7.3
mol_0611,CHEMBL5799961,Cc1nc2c(F)cc(-c3nc(Nc4ccc5c(n4)CCN(C(C)CN(C)C)C5)ncc3F)cc2n1C(C)(C)C,50.3,7.3
mol_0612,CHEMBL235849,CS(=O)(=O)Cc1ccc(N/C=C2\C(=O)Nc3ccc4ncsc4c32)cc1,50.0,7.3
mol_0613,CHEMBL419753,O=C(Nc1cc(C2CCCC2)[nH]n1)c1ccc(Br)cc1,50.0,7.3
mol_0614,CHEMBL1800451,CCc1cc(-c2cc(N3C[C@H](O)[C@@H](O)C3)ccc2O)nc(N)n1,50.0,7.3
mol_0615,CHEMBL79049,CCCCOc1c(C(=O)c2c(F)cc(F)cc2F)c[nH]c2nncc1-2,50.0,7.3
mol_0616,CHEMBL513354,CCN(CC)Cc1cccc(Nc2nccc(-c3cnn4ncccc34)n2)c1,50.0,7.3
mol_0617,CHEMBL3655773,CC[C@H](Nc1nc(NCc2cccc(C)n2)c2ncn(C(C)C)c2n1)[C@@H](C)O,50.0,7.3
mol_0618,CHEMBL379495,COc1ccc(C(=O)Nc2ncc(SCc3ncc(C(C)(C)C)o3)s2)cc1OC,50.0,7.3
mol_0619,CHEMBL3648086,CCOC(=O)N=S(=O)(CC)c1ccc(Nc2ncc(Br)c(N[C@@H](COC)[C@H](C)O)n2)cc1,51.0,7.29
mol_0620,CHEMBL5499697,N[C@H]1CCN(c2c3c(nc4ccc(-c5ccnc(NC(=O)C6CC6)c5)cc24)CCCC3)C1,51.0,7.29
mol_0621,CHEMBL4552628,Cc1sc(C(=O)N[C@@H]2[C@H](N)CCCC2(F)F)cc1-c1cnn2cc(Cl)cnc12,51.0,7.29
mol_0622,CHEMBL4208172,CCN1CCN(Cc2ccc(Nc3ncc(F)c(-c4cc(F)c5nc6n(c5c4)C(C)(C)CC6)n3)nc2)CC1,51.1,7.29
mol_0623,CHEMBL2426382,Cc1ccc(NC(=S)NC(=O)c2cn(-c3ccccc3)nc2-c2ccc(C)cc2)cc1,52.0,7.28
mol_0624,CHEMBL363069,Nc1nc2ccc(C(=O)c3c(Cl)cccc3Cl)cn2c1C(=O)c1c(F)cc(O)cc1F,52.0,7.28
mol_0625,CHEMBL3301610,CCN1CCN(Cc2ccc(Nc3ncc(F)c(-c4cc(F)c5nc(C)n(C(C)C)c5c4)n3)nc2)CC1,52.2,7.28
mol_0626,CHEMBL1080569,N[C@H](CNc1nnc(-c2ccc3cnccc3c2)s1)Cc1ccc(C(F)(F)F)cc1,53.0,7.28
mol_0627,CHEMBL4863726,Cc1n[nH]c2ccc(-c3cncc(NC4CCCC(O)C4)n3)cc12,52.86,7.28
mol_0628,CHEMBL5172659,COc1ccc2c(c1)/C(=N/NC(=O)c1cc3cc(Br)ccc3o1)C(=O)N2,53.0,7.28
mol_0629,CHEMBL5556607,CC(C)(O)Cn1cc(-c2nc(NC3CCN(S(=O)(=O)C4CC4)CC3)ncc2C#N)cn1,52.0,7.28
mol_0630,CHEMBL189350,Nc1nc2ccc(C(=O)c3c(Cl)cccc3Cl)cn2c1C(=O)c1c(F)cccc1F,53.0,7.28
mol_0631,CHEMBL522891,O=C(Nc1c[nH]nc1-c1nc2ccccc2[nH]1)c1ccccc1,52.0,7.28
mol_0632,CHEMBL1800456,Nc1nc(-c2cc(N3C[C@H](O)[C@@H](O)C3)ccc2O)cc(C2CCCCC2)n1,52.0,7.28
mol_0633,CHEMBL3648081,C[C@H](O)[C@@H](C)Oc1nc(Nc2ccc(S(=O)(CCO)=NS(=O)(=O)CC[Si](C)(C)C)cc2)ncc1Br,54.0,7.27
mol_0634,CHEMBL5976683,Cc1nc2c(F)cc(-c3nc(Nc4ccc5c(n4)CCN(C(=O)NCCN(C)C)C5)ncc3F)cc2n1C(C)C,54.1,7.27
mol_0635,CHEMBL271137,NS(=O)(=O)c1ccc(N/C=C2\C(=O)Nc3cccc(CO)c32)cc1,54.0,7.27
mol_0636,CHEMBL271822,COc1ccc2c(c1Cl)/C(=N/Nc1ccc(S(N)(=O)=O)cc1)C(=O)N2,54.0,7.27
mol_0637,CHEMBL83499,O=C1Nc2ccc(F)c3c(NCCO)cc(-c4ccc[nH]4)c1c23,54.0,7.27
mol_0638,CHEMBL4466497,Cc1nc2c(F)cc(-c3nc(Nc4ccc5c(n4)CCN(CCN(C)C)C5)ncc3F)cc2n1C(C)(C)C,54.9,7.26
mol_0639,CHEMBL549675,CNC(=O)c1nn(C)c2c1C(C)(C)Cc1cnc(Nc3ccc(CN4CCN(C)CC4)cc3)nc1-2,55.0,7.26
mol_0640,CHEMBL6043427,CN1CCC(COc2ccc(Nc3ncc(F)c(-c4cc(F)c5nc6n(c5c4)C(C)(C)CC6)n3)nc2)CC1,55.2,7.26
mol_0641,CHEMBL1081830,N[C@H](CNc1ncc(-c2ccc3nnn(N)c3c2)s1)Cc1ccc(C(F)(F)F)cc1,55.3,7.26
mol_0642,CHEMBL2163999,N[C@H]1CC[C@H](Nc2cc(Nc3ccc(F)c(Cl)c3)n3nccc3n2)CC1,55.0,7.26
mol_0643,CHEMBL5572638,Cl.N[C@H]1CCN(c2c3c(nc4ccc(-c5ccnc(NC(=O)C6CC6)n5)cc24)CCCC3)C1,54.81,7.26
mol_0644,CHEMBL4860265,Cc1n[nH]c2ccc(-c3cncc(N[C@@H](CO)c4ccc(F)cc4)n3)cc12,56.13,7.25
mol_0645,CHEMBL2426399,COc1ccc(NC(=S)NC(=O)c2cn(-c3ccccc3)nc2-c2ccccc2)cc1,56.0,7.25
mol_0646,CHEMBL519422,CCn1c(-c2ccnc(Nc3ccc(C(=O)NC)cc3)n2)cnc1C,56.0,7.25
mol_0647,CHEMBL232556,Cc1cc(N2C(=O)CN(C)C2=O)c2oc(-c3ccc(O)c(O)c3)c(O)c(=O)c2c1,56.0,7.25
mol_0648,CHEMBL115933,O=C(Cc1ccc(-c2ccccc2)cc1)Nc1cc(C2CC2)[nH]n1,55.98,7.25
mol_0649,CHEMBL4453997,COc1ccc(-c2n[nH]c3c2C(=O)c2c(C=O)cccc2-3)cc1,57.0,7.24
mol_0650,CHEMBL1080891,Cc1n[nH]c2ccc(-c3nnc(NC[C@@H](N)Cc4ccccc4Cl)s3)cc12,57.0,7.24
mol_0651,CHEMBL5784667,Cc1nc2c(F)cc(-c3nc(Nc4ccc5c(n4)CCN(C(=O)C(C)N(C)C)C5)ncc3F)cc2n1C(C)C,57.9,7.24
mol_0652,CHEMBL2426389,O=C(NC(=S)Nc1ccc(Cl)cc1)c1cn(-c2ccccc2)nc1-c1ccc(Cl)cc1,58.0,7.24
mol_0653,CHEMBL5772567,CCOP(=O)(CCN(C)CCN1CCc2nc(Nc3ncc(F)c(-c4cc(F)c5nc(C)n(C(C)(C)C)c5c4)n3)ccc2C1)OCC,59.3,7.23
mol_0654,CHEMBL4643057,C=CC(=O)Nc1cccc(C(=O)Nc2ncc(SCc3ncc(C(C)(C)C)o3)s2)c1,58.8,7.23
mol_0655,CHEMBL2426388,O=C(NC(=S)Nc1ccc(F)cc1)c1cn(-c2ccccc2)nc1-c1ccc(Cl)cc1,59.0,7.23
mol_0656,CHEMBL5952782,Cc1nc2c(F)cc(-c3nc(Nc4ccc5c(n4)CCN(C(=O)C4CC(N(C)C)C4)C5)ncc3F)cc2n1C(C)C,58.9,7.23
mol_0657,CHEMBL361348,CC(C)c1cnn2c(Nc3ccc(S(=O)(=O)N(C)C)cc3)cc(N[C@H]3CC[C@H](N)CC3)nc12,59.0,7.23
mol_0658,CHEMBL560301,CNC(=O)c1nn(C)c2c1C(C)(C)Cc1cnc(Nc3ccc(N(C)C)cc3)nc1-2,59.0,7.23
mol_0659,CHEMBL564470,CNC(=O)c1nn(C)c2c1C(C)(C)Cc1cnc(Nc3cccc(CN4CCN(C)CC4)c3)nc1-2,59.0,7.23
mol_0660,CHEMBL1800465,Nc1nc(NC2CCCCC2)cc(-c2cc(N3C[C@H](O)[C@@H](O)C3)ccc2O)n1,60.0,7.22
mol_0661,CHEMBL5805137,Cc1nc2c(F)cc(-c3nc(Nc4ccc5c(n4)CCN(CC(F)(F)F)C5)ncc3F)cc2n1C(C)C,60.4,7.22
mol_0662,CHEMBL480442,CC(C)c1cnn2c(NCc3ccc(Cl)cc3)nc(N[C@@H](CO)C(C)C)nc12,60.0,7.22
mol_0663,CHEMBL2348155,Nc1nccc(-n2cc(-c3ccc(Cl)cc3)c3cnccc32)n1,60.0,7.22
mol_0664,CHEMBL407981,CCN1CCN(CCCC(=O)Nc2n[nH]c3nc(-c4ccc(O)cc4)c(Br)cc23)CC1,60.0,7.22
mol_0665,CHEMBL5845923,CCOP(=O)(OCC)C1(O)CCN(CCN2CCc3nc(Nc4ncc(F)c(-c5cc(F)c6nc(C)n(C(C)(C)C)c6c5)n4)ccc3C2)C1,60.2,7.22
mol_0666,CHEMBL411491,NS(=O)(=O)c1ccc(N/N=C2\C(=O)Nc3ccc(Br)cc32)cc1,60.0,7.22
mol_0667,CHEMBL3298823,O=C(CC1CNC(=O)c2cc(-c3cn[nH]c3)cn21)NCc1cccc(F)c1,60.0,7.22
mol_0668,CHEMBL453651,CNC(=O)c1ccc(Nc2nccc(-c3cnc(COC)n3C(C)C)n2)cc1,62.0,7.21
mol_0669,CHEMBL5888813,Cc1nc2c(F)cc(-c3nc(Nc4ccc5c(n4)CCN(CC[Si](C)(C)C)C5)ncc3F)cc2n1C(C)C,62.4,7.21
mol_0670,CHEMBL410293,NS(=O)(=O)c1ccc(N/C=C2\C(=O)Nc3cc(CO)ccc32)cc1,61.0,7.21
mol_0671,CHEMBL181293,CCN[C@H]1CC[C@H](Nc2cc(Nc3ccc(S(=O)(=O)N(C)C)cc3)n3ncc(C(C)C)c3n2)CC1,61.0,7.21
mol_0672,CHEMBL408019,O=C(Nc1n[nH]c2nc(-c3cccc(O)c3)ccc12)C1CC1,62.0,7.21
mol_0673,CHEMBL379193,CCOC(=O)CCC(=O)NS(=O)(=O)c1ccc(Nc2nc(N)n(C(=O)c3c(F)cccc3F)n2)cc1,62.0,7.21
mol_0674,CHEMBL321939,NS(=O)(=O)c1ccc(Nc2cc(-c3cccc(NC(=O)Nc4cc(C(F)(F)F)ccc4F)c3)[nH]n2)cc1,61.6,7.21
mol_0675,CHEMBL5853767,Cc1nc2c(F)cc(-c3nc(Nc4ccc5c(n4)CCN(C[C@@H]4CNCCO4)C5)ncc3F)cc2n1C(C)C,62.4,7.21
mol_0676,CHEMBL79848,O=C1Nc2ccc(F)c3c(OCCO)cc(-c4ccc[nH]4)c1c23,62.0,7.21
mol_0677,CHEMBL5811976,Cc1nc2c(F)cc(-c3nc(Nc4ccc5c(n4)CCN(C[C@@H]4CNCCO4)C5)ncc3F)cc2n1C(C)(C)C,62.4,7.21
mol_0678,CHEMBL3952214,CC(C)n1cnnc1-c1cccc(N2Cc3ccccc3C2=O)n1,63.1,7.2
mol_0679,CHEMBL3822989,CC(=O)N1CCC(n2cc(Nc3ncc(Cl)c(-c4cnn5ccccc45)n3)c(C)n2)CC1,63.0,7.2
mol_0680,CHEMBL2426385,Cc1ccc(-c2nn(-c3ccccc3)cc2C(=O)NC(=S)Nc2ccc(Cl)cc2)cc1,63.0,7.2
mol_0681,CHEMBL3648097,CCOc1nc(Nc2ccc(S(=N)(=O)CC)cc2)ncc1Br,63.0,7.2
mol_0682,CHEMBL365608,C=C(c1ccc2nc(N)c(C(=O)c3c(F)cccc3F)n2c1)c1c(F)cccc1F,63.0,7.2
mol_0683,CHEMBL3642649,Fc1ccccc1-c1cc(NCc2ccncc2)n2ncc(Cl)c2n1,64.0,7.19
mol_0684,CHEMBL5977920,CN1CCC(Oc2ccc(Nc3ncc(F)c(-c4cc(F)c5nc6n(c5c4)C(C)(C)CC6)n3)nc2)CC1,64.1,7.19
mol_0685,CHEMBL82768,CC(C)(N)CNc1cc(-c2ccc[nH]2)c2c3c(ccc(F)c13)NC2=O,65.0,7.19
mol_0686,CHEMBL299032,CC(C)NS(=O)(=O)c1ccc2c(c1)/C(=C/c1[nH]cc3c1CCOC3=O)C(=O)N2,64.0,7.19
mol_0687,CHEMBL5941223,Cc1nc2c(F)cc(-c3nc(Nc4ccc5c(n4)CCNC5)ncc3F)cc2n1C1CCC(C)CC1,65.5,7.18
mol_0688,CHEMBL5786556,CN(C)[C@H]1CCN(c2ccc(Nc3ncc(F)c(-c4cc(F)c5nc6n(c5c4)C(C)(C)CC6)n3)nc2)C1,65.5,7.18
mol_0689,CHEMBL184115,COc1ccccc1C(=O)c1c(N)nc2ccc(C(=O)c3c(F)cccc3F)cn12,68.0,7.17
mol_0690,CHEMBL115994,O=C(Cc1ccc(OC(F)(F)F)cc1)Nc1cc(C2CC2)[nH]n1,67.0,7.17
mol_0691,CHEMBL4856767,Cc1n[nH]c2ccc(-c3cncc(N[C@@H](CO)c4ccccc4)n3)cc12,67.44,7.17
mol_0692,CHEMBL6002613,Cc1nc2c(F)cc(-c3nc(Nc4ccc5c(n4)CCN(CCN4CCP(C)(=O)CC4)C5)ncc3F)cc2n1C(C)(C)C,67.0,7.17
mol_0693,CHEMBL458547,COCCNS(=O)(=O)c1ccc(Nc2nccc(-c3c(C)nc(C)n3C)n2)cc1,68.0,7.17
mol_0694,CHEMBL1800452,CC(C)c1cc(-c2cc(N3C[C@H](O)[C@@H](O)C3)ccc2O)nc(N)n1,68.0,7.17
mol_0695,CHEMBL60990,O=C1Nc2ccc(C(=O)O)cc2/C1=C/c1[nH]cc2c1CCNC2=O,68.0,7.17
mol_0696,CHEMBL58139,CN(C)S(=O)(=O)c1ccc2c(c1)/C(=C/c1[nH]cc3c1CCNC3=O)C(=O)N2,68.0,7.17
mol_0697,CHEMBL296468,CC(C)(C)c1cnc(CSc2cnc(NC(=O)C3CCNCC3)s2)o1,67.1,7.17
mol_0698,CHEMBL325606,NC(=O)c1ccc(C(=O)Nc2cc(C3CC3)[nH]n2)cc1,68.08,7.17
mol_0699,CHEMBL1922212,CC[C@H](Nc1nc(NCc2cccnc2)c2ncn(C(C)C)c2n1)C(C)(C)O,70.0,7.16
mol_0700,CHEMBL4215914,CC[C@H](CO)Nc1nc(NCc2ccccc2N)c2[nH]nc(C(C)C)c2n1,70.0,7.16
mol_0701,CHEMBL2011932,COc1ccc(-c2nc3c(NCCCNC(=O)C4(CN)CC4)c(Br)cnc3[nH]2)cc1,70.0,7.16
mol_0702,CHEMBL2426398,Cc1ccc(NC(=S)NC(=O)c2cn(-c3ccccc3)nc2-c2ccccc2)cc1,69.0,7.16
mol_0703,CHEMBL3298983,C[C@@H](NC(=O)N1CCc2cnc(NC3CCOCC3)nc2C1)c1ccc2cc[nH]c2c1,69.0,7.16
mol_0704,CHEMBL1080912,Cc1n[nH]c2ccc(-c3nnc(NC[C@@H](N)Cc4ccc(Cl)cc4Cl)s3)cc12,70.0,7.16
mol_0705,CHEMBL3298312,CC[C@@H](NC(=O)N1CCc2cnc(N[C@@H](C)CO)nc2C1)c1ccc(OC)c(Cl)c1,71.0,7.15
mol_0706,CHEMBL209280,Nc1nc(Nc2ccc(S(=O)(=O)NC(=O)CCC(=O)O)cc2)nn1C(=O)c1c(F)cccc1F,71.0,7.15
mol_0707,CHEMBL2426381,O=C(NC(=S)Nc1ccc(Cl)cc1)c1cn(-c2ccccc2)nc1-c1ccccc1,71.0,7.15
mol_0708,CHEMBL5532052,CC[C@H](CO)Nc1nc(NCc2ccc(NC(=O)C3CCOCC3)cc2)n2ncc(C(C)C)c2n1,71.53,7.15
mol_0709,CHEMBL5915046,CC1(C)CCc2nc3c(F)cc(-c4nc(Nc5ccc(OC6CCN(CCO)CC6)cn5)ncc4F)cc3n21,70.3,7.15
mol_0710,CHEMBL1087281,Cc1n[nH]c2ccc(-c3nnc(NC[C@@H](N)Cc4ccccc4)s3)cc12,72.0,7.14
mol_0711,CHEMBL5983466,Cc1nc2c(F)cc(-c3nc(Nc4ccc5c(n4)CCN(CCN(C)CCN(C)C)C5)ncc3F)cc2n1C(C)(C)C,73.1,7.14
mol_0712,CHEMBL82251,CCc1cc(-c2ccc[nH]2)c2c3c(ccc(F)c13)NC2=O,72.0,7.14
mol_0713,CHEMBL3973367,COc1cc(F)ccc1-c1nc(Nc2cc(F)c(F)c(CS(C)(=O)=NC#N)c2)ncc1F,73.0,7.14
mol_0714,CHEMBL5781074,Cc1nc2c(F)cc(-c3nc(Nc4ccc5c(n4)CCNC5)ncc3F)cc2n1C1CCC1,72.1,7.14
mol_0715,CHEMBL1080740,Cc1n[nH]c2ccc(-c3nnc(NC[C@@H](N)Cc4ccc(Cl)cc4)s3)cc12,72.0,7.14
mol_0716,CHEMBL5972036,C#CCN1CCCC1CN1CCc2nc(Nc3ncc(F)c(-c4cc(F)c5nc(C)n(C(C)C)c5c4)n3)ccc2C1,74.9,7.13
mol_0717,CHEMBL271842,Nc1ccc2c(c1)/C(=N/Nc1ccc(S(N)(=O)=O)cc1)C(=O)N2,74.0,7.13
mol_0718,CHEMBL1081439,N[C@H](CNc1nnc(-c2ccc3[nH]ncc3c2)s1)Cc1ccc(F)cc1,74.0,7.13
mol_0719,CHEMBL324577,NC(=O)c1ccc(CC(=O)Nc2cc(C3CC3)[nH]n2)cc1,73.96,7.13
mol_0720,CHEMBL538195,Cn1nc(C(=O)NCCO)c2c1-c1nc(Nc3ccccc3)ncc1CC2,74.0,7.13
mol_0721,CHEMBL5596897,O=C(c1ccc([N+](=O)[O-])cc1)[C@H]1[C@H](c2cn(-c3ccccc3)nc2-c2ccccc2)[C@@H]2CC3CCCCC3N2[C@]12C(=O)Nc1ccc(Cl)cc12,75.6,7.12
mol_0722,CHEMBL392776,Cc1cc(N2CCCS2(=O)=O)c2oc(-c3ccc(O)c(Br)c3)c(O)c(=O)c2c1,75.0,7.12
mol_0723,CHEMBL271594,CC(C)c1ccc2c(c1)NC(=O)/C2=N/Nc1ccc(S(N)(=O)=O)cc1,75.0,7.12
mol_0724,CHEMBL1964243,CC(=O)NS(=O)(=O)c1ccc(N/C=C2\C(=O)Nc3ccc4ncsc4c32)cc1,75.0,7.12
mol_0725,CHEMBL2426380,O=C(NC(=S)Nc1ccc(F)cc1)c1cn(-c2ccccc2)nc1-c1ccccc1,75.0,7.12
mol_0726,CHEMBL336242,O=C(Nc1cc(CN[C@H]2Cc3ccc(Cl)cc3C2)n[nH]1)Nc1cccc2c1[C@@H]1CCCN1C2=O,78.0,7.11
mol_0727,CHEMBL3648091,CCOC(=O)N=S(C)(=O)c1ccc(Nc2ncc(Br)c(N[C@H](C)[C@H](C)O)n2)cc1C,78.0,7.11
mol_0728,CHEMBL2035042,CN1C/C=C/CCn2ccc3ccc(cc32)-c2ccnc(n2)Nc2cccc(c2)C1,77.0,7.11
mol_0729,CHEMBL1809191,CC(=O)N1CCN(c2ccc(Nc3nccc(-c4cnc5ccccn45)n3)cc2)CC1,78.0,7.11
mol_0730,CHEMBL4463874,Cc1nc2c(F)cc(-c3nc(Nc4ccc5c(n4)CCN(CCN(C)CCNC(=N)N)C5)ncc3F)cc2n1C(C)C,78.2,7.11
mol_0731,CHEMBL310755,CCOc1cc(-c2ccc[nH]2)c2c3c(ccc(F)c13)NC2=O,77.0,7.11
mol_0732,CHEMBL1081438,N[C@H](CNc1nnc(-c2ccc3[nH]nc(-c4ccccc4)c3c2)s1)Cc1cccc(C(F)(F)F)c1,79.0,7.1
mol_0733,CHEMBL5817708,CC1(C)CCc2nc3c(F)cc(-c4nc(Nc5ccc(CN6CCN(C(=O)CO)CC6)cn5)ncc4F)cc3n21,79.9,7.1
mol_0734,CHEMBL5590319,O=C(c1ccccc1[N+](=O)[O-])[C@H]1[C@H](c2cn(-c3ccccc3)nc2-c2ccccc2)[C@@H]2CC3CCCCC3N2[C@]12C(=O)Nc1ccc(Cl)cc12,80.2,7.1
mol_0735,CHEMBL5888788,Cc1nc2c(F)cc(-c3nc(Nc4ccc5c(n4)CCN(C(=O)CN(C)C)C5)ncc3F)cc2n1CC1CC1,79.4,7.1
mol_0736,CHEMBL365341,C[C@H](C(=O)Nc1cc(C2CC2)[nH]n1)c1ccc(N2CCCC2)cc1,79.98,7.1
mol_0737,CHEMBL419931,CC(C)n1cnc2c(NCc3ccccc3O)nc(NCCCO)nc21,80.0,7.1
mol_0738,CHEMBL380500,Nc1nccc(-c2c3c(O)ccnc3n3c(N)nccc23)n1,80.0,7.1
mol_0739,CHEMBL6147673,CN1CCC(c2cc3c(-c4cnn(CC5CC5)c4)c(Cl)cnc3[nH]2)CC1,79.4,7.1
mol_0740,CHEMBL3354188,COC1CCN(c2nccc(Nc3cc4c(ccn4C(C)C)cn3)n2)CC1,80.0,7.1
mol_0741,CHEMBL507142,CNC(=O)c1ccc(Nc2nccc(-c3cnc(C4CC4)n3C(C)C)n2)cc1,81.0,7.09
mol_0742,CHEMBL559639,Cn1nc(C(=O)NC2CC2)c2c1-c1nc(Nc3ccccc3)ncc1CC2,81.0,7.09
mol_0743,CHEMBL59110,O=C1Nc2ccc(F)cc2/C1=C/c1[nH]cc2c1CCOC2=O,82.0,7.09
mol_0744,CHEMBL5505838,CC(=O)Nc1ccc(CNc2nc(N3CCC[C@@H]3CO)nc3c(C(C)C)cnn23)cc1,81.98,7.09
mol_0745,CHEMBL2035043,C1=C/Cn2ccc3ccc(cc32)-c2ccnc(n2)Nc2cccc(c2)COC/1,83.0,7.08
mol_0746,CHEMBL2113092,CCCCOc1cc(Nc2ccc(S(N)(=O)=O)cc2)nc(N)c1C(=O)c1c(F)cccc1F,84.0,7.08
mol_0747,CHEMBL5279564,CN(C)CC(=O)Nc1cc(Nc2ncc(F)c(Nc3c(F)cccc3F)n2)ccc1F,83.0,7.08
mol_0748,CHEMBL5181709,Cc1nc2ccc(-c3ccnc4[nH]c(C5CCN(CC(=O)N(C)C)CC5)cc34)cc2n1C(C)C,84.0,7.08
mol_0749,CHEMBL550964,CNC(=O)c1nn(C)c2c1C(C)(C)Cc1cnc(Nc3cccc(CN(C)C)c3)nc1-2,83.0,7.08
mol_0750,CHEMBL323392,O=C(Nc1cc(C2CC2)[nH]n1)c1ccc(Cl)c(Cl)c1,83.0,7.08
mol_0751,CHEMBL483590,COCCN(C)S(=O)(=O)c1ccc(Nc2nccc(-c3cnc(C)n3C3CC3)n2)cc1,83.0,7.08
mol_0752,CHEMBL366230,C[C@H](C(=O)Nc1cc(C2CC2)[nH]n1)c1ccccc1,83.95,7.08
mol_0753,CHEMBL6019056,CNC1CC(C(=O)N2CCc3nc(Nc4ncc(F)c(-c5cc(F)c6nc(C)n(C(C)C)c6c5)n4)ccc3C2)C1,84.3,7.07
mol_0754,CHEMBL115264,O=C(Nc1cc(C2CC2)[nH]n1)c1ccc(Cl)cc1,84.92,7.07
mol_0755,CHEMBL6176188,O=C(c1ccc2ccccc2c1)c1cn(-c2ccccc2)nc1C1=Nn2c(Cc3nnc4n3N=C(c3nn(-c5ccccc5)cc3C(=O)c3ccc5ccccc5c3)CS4)nnc2SC1,87.9,7.06
mol_0756,CHEMBL5200108,O=C(Cc1ccc(B2C=CC=CN2)cc1)Nc1cc(C2CC2)[nH]n1,87.0,7.06
mol_0757,CHEMBL232557,Cc1cc(N2CCCS2(=O)=O)c2oc(-c3ccc(O)c(O)c3)c(O)c(=O)c2c1,87.0,7.06
mol_0758,CHEMBL5943083,Cc1nc2c(F)cc(-c3nc(Nc4ccc5c(n4)CCN(C(=O)CN(C)C)C5)ncc3F)cc2n1C1CCC(C)CC1,87.6,7.06
mol_0759,CHEMBL5397283,N#Cc1ccc2c(CCNc3ccc(S(F)(F)(F)(F)F)cc3C(=O)O)c[nH]c2c1,87.0,7.06
mol_0760,CHEMBL301639,O=C1Nc2ccc(Cl)cc2/C1=C/c1[nH]cc2c1CCOC2=O,88.0,7.06
mol_0761,CHEMBL2322701,Cc1[nH]nc2c1N=C(c1ccccc1Cl)c1cc(N)ccc1N2,88.0,7.06
mol_0762,CHEMBL5419439,CN(C)CCN(C)c1ccc2cc1COC/C=C/COCc1cccc(c1)-c1ccnc(n1)N2,88.0,7.06
mol_0763,CHEMBL1800457,Nc1nc(-c2cc(N3C[C@H](O)[C@@H](O)C3)ccc2O)cc(C2CCCCCC2)n1,90.0,7.05
mol_0764,CHEMBL4294760,CSc1ncc2c(n1)CCc1cnc(Nc3ccc(C(=O)N(C)CCN(C)C)cc3)nc1-2,90.0,7.05
mol_0765,CHEMBL3354185,COC1CCN(c2nccc(Nc3cc4[nH]c(-c5cn[nH]c5)nc4cn3)n2)CC1,90.0,7.05
mol_0766,CHEMBL112136,O=C(Nc1cc(C2CCC2)[nH]n1)c1ccc(Br)cc1,89.95,7.05
mol_0767,CHEMBL1922218,CC[C@@H](Nc1nc(NCc2cccnc2)c2ncn(C(C)C)c2n1)[C@H](C)O,90.0,7.05
mol_0768,CHEMBL463579,O=C(Nc1ccc(F)cc1)c1n[nH]cc1NC(=O)C1CCCCC1,90.0,7.05
mol_0769,CHEMBL2386747,COC(=N)c1nc2ccc3ncnc(Nc4ccc(Cl)cc4Cl)c3c2s1,88.8,7.05
mol_0770,CHEMBL3655777,CCC(Nc1nc(NCc2cccnc2)c2ncn(C(C)C)c2n1)C(O)C(F)(F)F,90.0,7.05
mol_0771,CHEMBL5970937,CNCC(=O)N1CCc2nc(Nc3ncc(F)c(-c4cc(F)c5nc(C)n(C6CCC(C)CC6)c5c4)n3)ccc2C1,89.7,7.05
mol_0772,CHEMBL6169985,O=C(c1ccc2ccccc2c1)c1cn(-c2ccccc2)nc1C1=Nn2c(S)nnc2SC1,89.6,7.05
mol_0773,CHEMBL5831789,CN(C)C/C=C/C(=O)Nc1ccc(C(=O)N2CCC[C@@H](Nc3ncc(SCc4ncc(C(C)(C)C)o4)s3)C2)cc1,92.3,7.04
mol_0774,CHEMBL5884004,Cc1nc2c(F)cc(-c3nc(Nc4ccc5c(n4)CCN(C(=O)[C@H](C)N(C)C)C5)ncc3F)cc2n1C1CC1,91.0,7.04
mol_0775,CHEMBL4761001,CN(C)C/C=C/C(=O)Nc1ccc(C(=O)N2CCCC(Nc3ncc(SCc4ncc(C(C)(C)C)o4)s3)C2)cc1,92.3,7.04
mol_0776,CHEMBL180714,CCN(CC)[C@H]1CC[C@H](Nc2cc(Nc3ccc(S(=O)(=O)N(C)C)cc3)n3ncc(C(C)C)c3n2)CC1,92.0,7.04
mol_0777,CHEMBL360596,COc1cc(F)c(C(=O)c2c(N)nc3ccc(C(=O)c4c(F)cccc4F)cn23)c(F)c1,91.0,7.04
mol_0778,CHEMBL3354189,COC1CCN(c2nccc(Nc3cc4c(ccn4C4CCCC4)cn3)n2)CC1,93.0,7.03
mol_0779,CHEMBL5789562,Cc1nc2c(F)cc(-c3nc(Nc4ccc5c(n4)CCN(C(=O)[C@H]4CCCN4C)C5)ncc3F)cc2n1C1CC1,93.7,7.03
mol_0780,CHEMBL3644029,CS(=O)(=O)c1ccc(Nc2ncc(C(F)(F)F)c(OCCC(F)(F)F)n2)cc1,94.0,7.03
mol_0781,CHEMBL1081104,N[C@H](CNc1cc(-c2ccc3cnccc3c2)no1)Cc1ccc(C(F)(F)F)cc1,93.0,7.03
mol_0782,CHEMBL411696,CCOc1cccc2c1/C(=N/Nc1ccc(S(N)(=O)=O)cc1)C(=O)N2,93.0,7.03
mol_0783,CHEMBL5802135,C=CC(=O)NC1CCN(C(=O)C2CCCC(Nc3ncc(SCc4ncc(C(C)(C)C)o4)s3)C2)CC1,93.5,7.03
mol_0784,CHEMBL5874515,Cc1nc2c(F)cc(-c3nc(Nc4ccc5c(n4)CCN(C(=O)[C@@H]4CCCN4C)C5)ncc3F)cc2n1C1CC1,93.4,7.03
mol_0785,CHEMBL508506,CC1NCCCC1C(=O)Nc1ncc(SCc2ncc(C(C)(C)C)o2)s1,95.0,7.02
mol_0786,CHEMBL364631,Nc1nc2ccc(C(=O)c3c(Cl)cccc3Cl)cn2c1C(=O)c1c(F)cc(C(=O)O)cc1F,95.0,7.02
mol_0787,CHEMBL5401158,O=C(Nc1ccc(N2CCNCC2)cc1)c1n[nH]cc1Nc1cc(Oc2ccccc2)ncn1,98.31,7.01
mol_0788,CHEMBL5290362,N[C@H](COc1cncc(-c2ccc3[nH]nc(NC(=O)c4ccccc4)c3c2)c1)Cc1ccccc1,97.0,7.01
mol_0789,CHEMBL4303287,CN(C)C/C=C/C(=O)Nc1cccc(C(=O)Nc2cccc(Nc3ncc(Cl)c(-c4c[nH]c5ccccc45)n3)c2)c1,96.9,7.01
mol_0790,CHEMBL5439308,N#Cc1ccc2c(CCNc3ccc(C(F)(F)F)cc3C(=O)O)c[nH]c2c1,100.0,7.0
mol_0791,CHEMBL3655764,CC[C@H](Nc1nc(NCc2cccc(Cl)c2)c2ncn(C(C)C)c2n1)[C@@H](C)O,100.0,7.0
mol_0792,CHEMBL5070887,Cc1cnc(Nc2ccnn2C)nc1-c1cc2n(c1)C(=O)N([C@H](CO)c1cccc(Cl)c1)C2,99.4,7.0
mol_0793,CHEMBL5179286,CC(C)NC(=O)O[C@@H]1CC[C@H](c2cc(NC(=O)Cc3ccccc3S(C)(=O)=O)n[nH]2)C1,100.0,7.0
mol_0794,CHEMBL2203628,N#CCNc1nc(Nc2ccccc2)ncc1Br,100.0,7.0
mol_0795,CHEMBL2348160,Nc1nccc(-n2cc(-c3ccoc3)c3cnccc32)n1,100.0,7.0
mol_0796,CHEMBL2158859,CNC(=O)Nc1ccc(-c2cc(-c3ccnc(Nc4cccc(S(=O)(=O)NC)c4)n3)ccn2)cc1,100.0,7.0
mol_0797,CHEMBL5209174,CC(C)NC(=O)O[C@@H]1CC[C@H](c2cc(NC(=O)Cc3ccccc3)n[nH]2)C1,100.0,7.0
mol_0798,CHEMBL495545,CN1CCN(c2ccc(Nc3nccc(-c4cnn5ncccc45)n3)cc2)CC1,100.0,7.0
mol_0799,CHEMBL5192247,COCc1cc(C(=O)Nc2cc([C@H]3CC[C@@H](OC(=O)N(C)C(C)C)C3)[nH]n2)n(C)n1,100.0,7.0
mol_0800,CHEMBL5170812,Cc1ncc(CC(=O)Nc2cc([C@H]3CC[C@@H](OC(=O)NC(C)C)C3)[nH]n2)s1,100.0,7.0
mol_0801,CHEMBL5179057,CC(C)NC(=O)O[C@H]1CC[C@@H](c2cc(NC(=O)c3ccnn3C)n[nH]2)C1,100.0,7.0
mol_0802,CHEMBL5173190,COc1cc(CC(=O)Nc2cc([C@H]3CC[C@@H](OC(=O)NC(C)C)C3)[nH]n2)ccn1,100.0,7.0
mol_0803,CHEMBL5187579,Cc1cc(CC(=O)Nc2cc([C@H]3CCC[C@@H](OC(=O)NC4(C)CC4)CC3)[nH]n2)on1,100.0,7.0
mol_0804,CHEMBL5195597,CS(=O)(=O)N1CCC(Nc2ncc3c(n2)N(C2CCCC2)C(=O)C32CC2)CC1,102.0,6.99
mol_0805,CHEMBL185854,Nc1nc2ccc(C(=O)c3c(F)cccc3F)cn2c1C(=O)c1c(F)cccc1Cl,102.0,6.99
mol_0806,CHEMBL5431565,O=C(Nc1ccc(Cl)cc1)N1CCN(c2nnc(Cc3ccccc3)c3ccccc23)CC1,102.6,6.99
mol_0807,CHEMBL5542924,CCC(=O)Nc1ccc(CNc2nc(N[C@H](CC)CO)nc3c(C(C)C)cnn23)cc1,101.6,6.99
mol_0808,CHEMBL474619,COc1cc(O)ccc1-c1ccc2c(-c3nc4c(N5CCN(C)CC5)cccc4[nH]3)n[nH]c2c1,102.0,6.99
mol_0809,CHEMBL1088613,Cc1n[nH]c2ccc(-c3nnc(NC[C@@H](N)Cc4ccccc4F)s3)cc12,104.0,6.98
mol_0810,CHEMBL3298308,C[C@@H](CO)Nc1ncc2c(n1)CN(C(=O)N[C@H](C)c1ccc(Cl)c(Cl)c1)CC2,104.0,6.98
mol_0811,CHEMBL4781539,C=CC(=O)Nc1ccc(C(=O)N2CCCC(Nc3ncc(SCc4ncc(C(C)(C)C)o4)s3)C2)cc1,108.0,6.97
mol_0812,CHEMBL1922209,CCC(O)[C@H](CC)Nc1nc(NCc2cccnc2)c2ncn(C(C)C)c2n1,110.0,6.96
mol_0813,CHEMBL497477,O=C(NC1CCNCC1)c1n[nH]cc1NC(=O)c1c(F)cccc1Cl,110.0,6.96
mol_0814,CHEMBL5751375,Cc1nc2c(F)cc(-c3nc(Nc4ccc5c(n4)CCNC5)ncc3F)cc2n1CC1CC1,109.0,6.96
mol_0815,CHEMBL258805,COc1ccc2c(c1)/C(=C/c1cnc[nH]1)C(=O)N2,110.0,6.96
mol_0816,CHEMBL2158862,CNC(=O)Nc1ccc(-c2cc(-c3ccnc(Nc4ccc(C)c(S(=O)(=O)NC)c4)n3)ccn2)cc1,110.0,6.96
mol_0817,CHEMBL5774473,C#CCN1CCC(N2CCc3nc(Nc4ncc(F)c(-c5cc(F)c6nc(C)n(C(C)C)c6c5)n4)ccc3C2)C1,110.0,6.96
mol_0818,CHEMBL14619,CCCCOc1c(C(=O)c2ccccc2)cnc2[nH]ncc12,110.0,6.96
mol_0819,CHEMBL2348156,Nc1nccc(-n2cc(-c3ccccc3Cl)c3cnccc32)n1,110.0,6.96
mol_0820,CHEMBL5760424,C#CN1CCC(N2CCc3nc(Nc4ncc(F)c(-c5cc(F)c6nc(C)n(C(C)C)c6c5)n4)ccc3C2)C1,110.0,6.96
mol_0821,CHEMBL3946675,COc1cc(F)ccc1-c1nc(Nc2cc(Br)cc(CS(C)(=N)=O)c2)ncc1F,110.0,6.96
mol_0822,CHEMBL497854,Cc1cc(CNc2ncc(Br)c(Nc3cc(C4CC4)[nH]n3)n2)on1,110.0,6.96
mol_0823,CHEMBL2207208,Cn1cc(Nc2ncc(C3CC3)c(NCCCNC(=O)C3CCC3)n2)cn1,110.0,6.96
mol_0824,CHEMBL5438882,COc1ccc(NC(=O)N2CCN(c3nnc(Cc4ccccc4)c4ccccc34)CC2)cc1,108.4,6.96
mol_0825,CHEMBL6171172,Nc1cc(-c2c[nH]c3ccccc23)nn1-c1nc(Nc2ccc(Cl)cc2)nc(N2CCOCC2)n1,108.3,6.96
mol_0826,CHEMBL6152017,Clc1cnc2[nH]c(C3CCNCC3)cc2c1-c1cnn(CC2CC2)c1,112.3,6.95
mol_0827,CHEMBL3822619,CCc1nn(C2CCN(C(C)=O)CC2)cc1Nc1ncc(Cl)c(-c2cnn3ccccc23)n1,113.0,6.95
mol_0828,CHEMBL5562769,CNCc1ccc(-n2cc(-c3nc(NC4CCN(S(C)(=O)=O)CC4)ncc3C#N)cn2)c(Cl)c1,112.0,6.95
mol_0829,CHEMBL5424761,O=C(c1ccccc1)N1CCN(c2nnc(Cc3ccccc3)c3ccccc23)CC1,114.62,6.94
mol_0830,CHEMBL2036792,CNc1ncc2c(-c3ccc(N4CCNCC4)cc3)nn(CC3CCC(N)CC3)c2n1,114.0,6.94
mol_0831,CHEMBL4453095,Cc1nc2c(F)cc(-c3nc(Nc4ccc5c(n4)CCN(CCN(C)C)C5)ncc3F)cc2n1[C@H]1CC[C@H](C)CC1,116.0,6.94
mol_0832,CHEMBL5537062,CC[C@@H](CO)Nc1nc(NCc2ccc(NC(=O)C3CCN(C(C)=O)CC3)cc2)n2ncc(C(C)C)c2n1,115.2,6.94
mol_0833,CHEMBL378420,Nc1nc(Nc2ccc(S(=O)(=O)NC(=O)CCN3CCOCC3)cc2)nn1C(=O)c1c(F)cccc1F,118.0,6.93
mol_0834,CHEMBL1081105,N[C@H](CCc1cc(-c2ccc3cnccc3c2)no1)Cc1ccc(C(F)(F)F)cc1,117.0,6.93
mol_0835,CHEMBL5841163,CCN1CCN(c2ccc(Nc3ncc(F)c(-c4cc(F)c5nc6n(c5c4)C(C)(C)CC6)n3)nc2)CC1,117.0,6.93
mol_0836,CHEMBL4525034,CCOP(=O)(OCC)N(C)CCN1CCc2nc(Nc3ncc(F)c(-c4cc(F)c5nc(C)n(C(C)C)c5c4)n3)ccc2C1,117.0,6.93
mol_0837,CHEMBL5976175,CCOP(=O)(OCC)N(C)CC[N+]1([O-])CCc2nc(Nc3ncc(F)c(-c4cc(F)c5nc(C)n(C(C)C)c5c4)n3)ccc2C1,117.0,6.93
mol_0838,CHEMBL6064669,CCN1CCC(c2ccc(Nc3ncc(F)c(-c4cc(F)c5nc6n(c5c4)C(C)(C)CC6)n3)nc2)CC1,120.0,6.92
mol_0839,CHEMBL233553,CNS(=O)(=O)c1ccc(-c2ccc(/C=C3\SC(=N)NC3=O)o2)cc1,120.0,6.92
mol_0840,CHEMBL186800,Nc1nc2ccc(C(=O)c3c(F)cccc3F)cn2c1C(=O)c1c(Cl)cccc1Cl,121.0,6.92
mol_0841,CHEMBL378248,NCC(=O)NS(=O)(=O)c1ccc(Nc2nc(N)n(C(=O)c3c(F)cccc3F)n2)cc1,120.0,6.92
mol_0842,CHEMBL202695,CN(C)S(=O)(=O)c1ccc(Nc2cc(N[C@H]3CC[C@H](N)CC3)nc3ncnn23)cc1,120.0,6.92
mol_0843,CHEMBL5287079,N[C@H](COc1cncc(-c2ccc3[nH]nc(NC(=O)c4ccccc4)c3c2)c1)c1ccccc1,120.0,6.92
mol_0844,CHEMBL525194,c1cnn2ncc(-c3ccnc(NC4CC4)n3)c2c1,120.0,6.92
mol_0845,CHEMBL438721,NS(=O)(=O)c1ccc(N/N=C2\C(=O)Nc3ccccc32)cc1,120.0,6.92
mol_0846,CHEMBL322568,CSc1ccc(Nc2nc(N)c(N=O)c(OCC3CCCCC3)n2)cc1,120.0,6.92
mol_0847,CHEMBL3655765,CC[C@H](Nc1nc(NCc2cccc(F)c2)c2ncn(C(C)C)c2n1)[C@@H](C)O,120.0,6.92
mol_0848,CHEMBL3919796,COc1cc(F)ccc1-c1nc(Nc2cc(Br)cc(CS(C)(=O)=NC#N)c2)ncc1F,120.0,6.92
mol_0849,CHEMBL189136,Nc1nc2ccc(C(=O)c3c(F)cccc3F)cn2c1C(=O)c1c(F)cccc1F,122.0,6.91
mol_0850,CHEMBL5870326,Cc1nc2c(F)cc(-c3nc(Nc4ccc5c(n4)CCN(C(=O)NCCN(C)C)C5)ncc3F)cc2n1C1CC1,122.0,6.91
mol_0851,CHEMBL83443,CC(C)Cc1cc(-c2ccc[nH]2)c2c3c(ccc(F)c13)NC2=O,124.0,6.91
mol_0852,CHEMBL3967592,O=C1NCC2(CCCCC2)n2c1cc1cnc(Nc3ccc(C(=O)N4CCNCC4)cn3)nc12,124.0,6.91
mol_0853,CHEMBL245336,CNC(=O)CN1CCC(Nc2ncc(Cl)c(-c3c[nH]c4ccccc34)n2)CC1,123.0,6.91
mol_0854,CHEMBL4744627,C=CC(=O)N1CCc2cc(S(=O)(=O)N3CCCC(Nc4ncc(SCc5ncc(C(C)(C)C)o5)s4)C3)ccc21,124.0,6.91
mol_0855,CHEMBL5870086,C=CC(=O)N1CCc2cc(S(=O)(=O)N3CCC[C@@H](Nc4ncc(SCc5ncc(C(C)(C)C)o5)s4)C3)ccc21,124.0,6.91
mol_0856,CHEMBL6033665,Cc1nc2c(F)cc(-c3nc(Nc4ccc5c(n4)CCNC5)ncc3F)cc2n1C,126.0,6.9
mol_0857,CHEMBL5900559,C=CC(=O)Nc1ccc(C(=O)N2CCC[C@@H](Nc3ncc(SCc4ncc(C(C)(C)C)o4)s3)C2)c(OC)c1,126.0,6.9
mol_0858,CHEMBL4746993,C=CC(=O)Nc1ccc(C(=O)N2CCCC(Nc3ncc(SCc4ncc(C(C)(C)C)o4)s3)C2)c(OC)c1,126.0,6.9
mol_0859,CHEMBL5900599,CCn1c(C)nc2c(F)cc(-c3nc(Nc4ccc5c(n4)CCNC5)ncc3F)cc21,126.0,6.9
mol_0860,CHEMBL312273,CC(=O)NCCNc1cc(-c2ccc[nH]2)c2c3c(ccc(F)c13)NC2=O,127.0,6.9
mol_0861,CHEMBL5542804,CC[C@H](CO)Nc1nc(NCc2ccc(NC(=O)C3CCN(C(C)=O)CC3)cc2)n2ncc(C(C)C)c2n1,124.7,6.9
mol_0862,CHEMBL5879318,CNCC(=O)N1CCc2nc(Nc3ncc(F)c(-c4cc(F)c5nc(C)n(C6CCC6)c5c4)n3)ccc2C1,129.0,6.89
mol_0863,CHEMBL3934141,COc1cc(CS(C)(=O)=NC#N)cc(Nc2ncc(F)c(-c3ccc(F)cc3OC)n2)c1,130.0,6.89
mol_0864,CHEMBL3648080,C[C@H](O)[C@@H](C)Nc1nc(Nc2ccc(S(=O)(CC=O)=NS(=O)(=O)CC[Si](C)(C)C)cc2)ncc1Br,130.0,6.89
mol_0865,CHEMBL6169949,O=C(NNC(=O)c1oc2ccccc2c1CN1CCN(c2ccccc2)CC1)Nc1ccccc1,129.3,6.89
mol_0866,CHEMBL5956369,Cc1nc2c(F)cc(-c3nc(Nc4ccc5c(n4)CCNC5)ncc3F)cc2n1C1CCCC1,128.0,6.89
mol_0867,CHEMBL2011927,COc1ccc(-c2nc3c(OCC4CCNCC4)c(Br)cnc3[nH]2)cc1,133.0,6.88
mol_0868,CHEMBL3823278,CC(=O)N1CCC(n2cc(Nc3ncc(Cl)c(-c4cnc5ccccn45)n3)c(C)n2)CC1,135.0,6.87
mol_0869,CHEMBL5925248,Cc1nc2c(F)cc(-c3nc(Nc4ccc5c(n4)CCN(C[C@H](C)N(C)C)C5)ncc3F)cc2n1C1CC1,135.0,6.87
mol_0870,CHEMBL1081437,N[C@H](CNc1nnc(-c2ccc3[nH]nc(C4CC4)c3c2)s1)Cc1ccc(C(F)(F)F)cc1,135.0,6.87
mol_0871,CHEMBL5435746,O=C(Nc1ccc(N2CCNCC2)cc1)c1n[nH]cc1Nc1cc(OC2CCCC2)ncn1,135.01,6.87
mol_0872,CHEMBL6166339,Nc1cc(-c2c[nH]c3ccccc23)nn1-c1nc(Nc2ccc(Br)cc2)nc(N2CCOCC2)n1,136.4,6.87
mol_0873,CHEMBL2011926,COc1ccc(-c2nc3c(NCC4CCNCC4)c(Br)cnc3[nH]2)cc1,135.0,6.87
mol_0874,CHEMBL5561839,CC(C)n1nnc2ccc(-c3ccnc(Nc4cc(C(=O)N5CCCC5)ccn4)c3)cc21,134.2,6.87
mol_0875,CHEMBL4461442,Cc1nc2c(F)cc(-c3nc(Nc4ccc5c(n4)CCN(CCN(C)P(C)(C)=O)C5)ncc3F)cc2n1C(C)C,135.0,6.87
mol_0876,CHEMBL1081296,N[C@H](CNc1ncc(-c2ccc3cncnc3c2)s1)Cc1ccc(C(F)(F)F)cc1,136.0,6.87
mol_0877,CHEMBL1081852,N[C@H](CNc1ncc(-c2ccc3[nH]c(=O)oc3c2)s1)Cc1ccc(C(F)(F)F)cc1,138.0,6.86
mol_0878,CHEMBL6167764,COc1ccc(NC(=O)NNC(=O)c2oc3ccccc3c2CN2CCN(c3ccccc3)CC2)cc1,137.2,6.86
mol_0879,CHEMBL5423237,O=C(c1ccc(Cl)cc1)N1CCN(c2nnc(Cc3ccccc3)c3ccccc23)CC1,137.54,6.86
mol_0880,CHEMBL524266,Nc1nccc(-c2cc3c([nH]2)[C@@H](CCF)CNC3=O)n1,138.0,6.86
mol_0881,CHEMBL565211,CNC(=O)c1nn(C)c2c1C(C)(C)Cc1cnc(Nc3ccc(N4CCOCC4)cc3)nc1-2,137.0,6.86
mol_0882,CHEMBL1235529,O=S1(=O)NCCCNc2nc(ncc2Br)Nc2cccc1c2,140.0,6.85
mol_0883,CHEMBL388956,COc1c(O)cc2c3c(cc4ccc(O)cc4c13)NC2=O,140.0,6.85
mol_0884,CHEMBL3642655,CN1CCN(c2cc(NCc3cccnc3)n3ncc(Br)c3n2)CC1,140.0,6.85
mol_0885,CHEMBL496569,O=C(Nc1c[nH]nc1-c1nc2cc(CN3CCOCC3)ccc2[nH]1)c1ccccc1,140.0,6.85
mol_0886,CHEMBL590109,NCCn1cc(-c2cc(-c3cc4ccccc4s3)c3[nH]ncc3c2)c2nc(N)ncc21,140.0,6.85
mol_0887,CHEMBL463580,O=C(Nc1c[nH]nc1C(=O)Nc1ccc(F)cc1)c1ccccc1,140.0,6.85
mol_0888,CHEMBL2158864,CNC(=O)Nc1ccc(-c2cc(-c3ccnc(Nc4ccc(Cl)c(S(=O)(=O)NC)c4)n3)ccn2)cc1,140.0,6.85
mol_0889,CHEMBL457388,O=C(NC1CCNCC1)c1n[nH]cc1NC(=O)c1c(F)cccc1F,140.0,6.85
mol_0890,CHEMBL212264,Nc1nc(Nc2ccc(S(=O)(=O)NC(=O)[C@H](N)CO)cc2)nn1C(=O)c1c(F)cccc1F,140.0,6.85
mol_0891,CHEMBL454646,CC1CNCC(C(=O)Nc2ncc(SCc3ncc(C(C)(C)C)o3)s2)C1,140.0,6.85
mol_0892,CHEMBL6176478,N[C@H]1CCN(c2c3cc(-c4ccnc(NC(=O)C5CC5)c4)ccc3nc3c2[nH]c2ccccc23)C1,145.0,6.84
mol_0893,CHEMBL6021833,Cc1nc2c(F)cc(-c3nc(Nc4ccc5c(n4)CCNC5)ncc3F)cc2n1C1CC1,143.0,6.84
mol_0894,CHEMBL5775801,Cc1nc2c(F)cc(-c3nc(Nc4ccc5c(n4)CCNC5)ncc3F)cc2n1C1CCCCC1,146.0,6.84
mol_0895,CHEMBL4855785,Cc1n[nH]c2ccc(-c3cncc(NC(CO)c4ccccc4)n3)cc12,146.85,6.83
mol_0896,CHEMBL522464,Cn1cc(C2=C(c3coc4ccccc34)C(=O)NC2=O)c2cccc(CO)c21,149.0,6.83
mol_0897,CHEMBL4461579,Cc1nc2c(F)cc(-c3nc(Nc4ccc5c(n4)CCN(CCN(C)C(=S)n4ccnc4)C5)ncc3F)cc2n1C(C)C,147.0,6.83
mol_0898,CHEMBL5775992,Cc1nc2c(F)cc(-c3nc(Nc4ccc5c(n4)CCN(C(=O)C(C)(C)N(C)C)C5)ncc3F)cc2n1C(C)C,151.0,6.82
mol_0899,CHEMBL1933343,Cc1cnc2nc1-c1cccc(c1)OCC/C=C/CN(C)Cc1cccc(c1)N2,150.0,6.82
mol_0900,CHEMBL73189,Cc1nc2ccccn2c1-c1ccnc(Nc2cccc(Cl)c2)n1,150.0,6.82
mol_0901,CHEMBL3960677,COc1cc(CS(C)(=N)=O)cc(Nc2ncc(F)c(-c3ccc(F)cc3OC)n2)c1,150.0,6.82
mol_0902,CHEMBL4864688,O=C(CCCOc1ccc(CC(=O)Nc2cc(C3CCC3)[nH]n2)cc1)NCCCCNc1cccc2c1C(=O)N(C1CCC(=O)NC1=O)C2=O,155.0,6.81
mol_0903,CHEMBL1642655,CC(C)(C)c1ccc(C(=O)Nc2cn3cc(-n4ccnc4)ccc3n2)cc1,154.88,6.81
mol_0904,CHEMBL5537078,CC(C)c1cnn2c(NCc3ccc(NC(=O)C4CCOCC4)cc3)nc(NC3CCOCC3)nc12,156.4,6.81
mol_0905,CHEMBL5859057,Cc1nc2c(F)cc(-c3nc(Nc4ccc5c(n4)CCN(C(=O)CN4CCCCC4)C5)ncc3F)cc2n1C1CC1,154.0,6.81
mol_0906,CHEMBL2011940,Nc1cccc(-c2nc3c(NCCCNC(=O)C4CCC4)c(Br)cnc3[nH]2)c1,155.0,6.81
mol_0907,CHEMBL6012656,Cc1nc2c(F)cc(-c3nc(Nc4ccc5c(n4)CCN(C(=O)CN4CCOCC4)C5)ncc3F)cc2n1C1CC1,154.0,6.81
mol_0908,CHEMBL1809117,N#Cc1cscc1-c1c[nH]c(=O)c2cc(-c3ccncc3)sc12,158.49,6.8
mol_0909,CHEMBL364172,N#C/C=C(/c1ccc2nc(N)c(C(=O)c3c(F)cccc3F)n2c1)c1c(F)cccc1F,160.0,6.8
mol_0910,CHEMBL3979266,CCS(=O)(Cc1cc(F)cc(Nc2ncc(F)c(-c3ccc(F)cc3OC)n2)c1)=NC#N,160.0,6.8
mol_0911,CHEMBL523923,O=C(Nc1cccnc1)Nc1c[nH]nc1-c1nc2cc(CN3CCOCC3)ccc2[nH]1,160.0,6.8
mol_0912,CHEMBL3655769,CC[C@H](Nc1nc(NC2CCC2)c2ncn(C(C)C)c2n1)[C@@H](C)O,160.0,6.8
mol_0913,CHEMBL565160,CNC(=O)c1nn(C)c2c1C(C)(C)Cc1cnc(Nc3cccc(CN4CCOCC4)c3)nc1-2,160.0,6.8
mol_0914,CHEMBL3967588,COc1cc(F)ccc1-c1nc(Nc2cc(Cl)cc(CS(C)(=O)=NC#N)c2)ncc1F,160.0,6.8
mol_0915,CHEMBL2348158,Nc1nccc(-n2cc(C3=CCOCC3)c3cnccc32)n1,160.0,6.8
mol_0916,CHEMBL5432928,O=C(O)c1cc(C(F)(F)F)ccc1NCCc1c[nH]c2cc(Br)ccc12,160.0,6.8
mol_0917,CHEMBL458421,O=C(Nc1c[nH]nc1-c1nc2cc(CN3CCOCC3)ccc2[nH]1)Nc1c(F)cccc1F,160.0,6.8
mol_0918,CHEMBL505474,CC(C)(C)c1cnc(CSc2cnc(NC3CCCC(N)C3)s2)o1,158.0,6.8
mol_0919,CHEMBL2348161,Nc1nccc(-n2cc(-c3ccncc3)c3cnccc32)n1,160.0,6.8
mol_0920,CHEMBL5285495,C[C@@H](CO)Nc1nc(N)c(N=O)c(OCC2CCCCC2)n1,160.0,6.8
mol_0921,CHEMBL4778541,CC(C)(C)c1ccc(C(=O)Nc2cn3cc(-n4ccnc4)ccc3n2)cc1.Cl.Cl,158.0,6.8
mol_0922,CHEMBL4761637,C=CC(=O)Nc1ccc(C(=O)Nc2cccc(C(=O)Nc3ncc(SCc4ncc(C(C)(C)C)o4)s3)c2)cc1,162.0,6.79
mol_0923,CHEMBL4876497,Cc1n[nH]c2ccc(-c3cc(N[C@@H](CO)c4ccccc4)cnc3Cl)cc12,163.95,6.79
mol_0924,CHEMBL4463716,C#CCN(C)CCN1CCc2nc(Nc3ncc(F)c(-c4cc(F)c5nc(C)n(C(C)C)c5c4)n3)ccc2C1,167.0,6.78
mol_0925,CHEMBL3673434,COc1cc(F)ccc1-c1ccnc(NC(=O)[C@H]2CCC[C@@H](NC(C)=O)C2)c1,168.0,6.78
mol_0926,CHEMBL319831,Nc1cccc(-c2cc(Nc3ccc(S(N)(=O)=O)cc3)[nH]n2)c1,166.0,6.78
mol_0927,CHEMBL324186,O=C(O)c1ccc(C(=O)Nc2cc(C3CC3)[nH]n2)cc1,164.82,6.78
mol_0928,CHEMBL495754,CC(C)(C)c1cnc(CSc2cnc(NCC3CCCCC3)s2)o1,168.0,6.78
mol_0929,CHEMBL5557384,CC(C)N1CCN(C(=O)c2ccnc(Nc3cc(-c4ccc5nnn(C(C)C)c5c4)ccn3)c2)CC1,166.8,6.78
mol_0930,CHEMBL5591731,N#Cc1cnc(NC2CCN(S(=O)(=O)c3ccccn3)CC2)nc1-c1cnn(CC(F)(F)F)c1,167.0,6.78
mol_0931,CHEMBL3959283,CCS(=O)(Cc1cccc(Nc2ncc(F)c(-c3ccc(F)cc3OC)n2)c1)=NC#N,170.0,6.77
mol_0932,CHEMBL8817,CN1CC[C@@H](c2c(O)cc(O)c3c(=O)cc(-c4ccccc4Cl)oc23)[C@@H](O)C1,170.0,6.77
mol_0933,CHEMBL3642652,CC(C)(C)c1cc(NCc2ccncc2)n2ncc(Br)c2n1,170.0,6.77
mol_0934,CHEMBL189657,CCn1c(-c2nonc2N)nc2cnccc21,169.0,6.77
mol_0935,CHEMBL404747,O=C(Cc1ccccc1)Nc1n[nH]c2ccc(N3CCCC3=O)cc12,170.0,6.77
mol_0936,CHEMBL192126,C[C@@H](C(=O)Nc1cc(C2CC2)[nH]n1)c1ccc(N2Cc3ccccc3C2=O)cc1,169.82,6.77
mol_0937,CHEMBL4742169,CC(C)N1c2cc(Nc3nccc(-c4cncc5ccccc45)n3)ccc2N(C)C(=O)[C@H]1C,168.9,6.77
mol_0938,CHEMBL428690,CN1CC[C@H](c2c(O)cc(O)c3c(=O)cc(-c4ccccc4Cl)oc23)[C@H](O)C1,170.0,6.77
mol_0939,CHEMBL5542666,CCC(=O)Nc1ccc(CNc2nc(N[C@@H](CC)CO)nc3c(C(C)C)cnn23)cc1,173.4,6.76
mol_0940,CHEMBL5556871,CCC(=O)Nc1ccc(CNc2nc(NC3CCCNC3)nc3c(C(C)C)cnn23)cc1,174.7,6.76
mol_0941,CHEMBL5763252,CN1CCC(OCc2ccc(Nc3ncc(F)c(-c4cc(F)c5nc6n(c5c4)C(C)(C)CC6)n3)nc2)CC1,174.0,6.76
mol_0942,CHEMBL4776271,C=CC(=O)NC1CCN(C(=O)N2CCCC(Nc3ncc(SCc4ncc(C(C)(C)C)o4)s3)C2)CC1,174.0,6.76
mol_0943,CHEMBL193643,Nc1nc(Nc2ccc(S(N)(=O)=O)cc2)ccc1C(=O)c1c(F)cccc1F,180.0,6.75
mol_0944,CHEMBL254269,CNCCN(C)C(=O)c1cc(Sc2cnc(Nc3cccc(Br)n3)s2)ccc1C,180.0,6.75
mol_0945,CHEMBL3981911,COc1cc(F)ccc1-c1nc(Nc2cc(Cl)cc(CS(C)(=N)=O)c2)ncc1F,180.0,6.75
mol_0946,CHEMBL233149,N=C1NC(=O)/C(=C/c2ccc(-c3ccc(S(N)(=O)=O)cc3)o2)S1,180.0,6.75
mol_0947,CHEMBL3905910,CN1CC[C@@H](c2c(O)cc(O)c3c(=O)cc(-c4ccc(C(F)(F)F)cc4Cl)oc23)[C@@H]1CO,180.0,6.75
mol_0948,CHEMBL3897217,COc1cc(F)ccc1-c1nc(Nc2cc(F)c(F)c(CS(C)(=N)=O)c2)ncc1F,180.0,6.75
mol_0949,CHEMBL559301,Nc1nc(O)c(Cc2nn3c(COc4ccc(Cl)cc4)nnc3s2)s1,180.0,6.75
mol_0950,CHEMBL5558477,CC[C@@H](CO)Nc1nc(NCc2ccc(NC(=O)C3(F)CC3)cc2)n2ncc(C(C)C)c2n1,175.7,6.75
mol_0951,CHEMBL3905335,COc1cc(F)ccc1-c1nc(Nc2cc(CS(C)(=N)=O)cc(C(F)(F)F)c2)ncc1F,180.0,6.75
mol_0952,CHEMBL1081831,N[C@H](CNc1ncc(-c2ccc3c(c2)CC(=O)N3)s1)Cc1ccc(C(F)(F)F)cc1,185.0,6.73
mol_0953,CHEMBL4793573,C=CC(=O)NC1CCC(C(=O)N2CCCC(Nc3ncc(SCc4ncc(C(C)(C)C)o4)s3)C2)CC1,185.0,6.73
mol_0954,CHEMBL3972676,CN1CCN(C(=O)c2ccc(Nc3ncc4cc5n(c4n3)C3(CCCC3)CNC5=O)nc2)CC1,187.0,6.73
mol_0955,CHEMBL2011934,COc1ccc(-c2nc3c(NCCCN(C)C(=O)C4CCC4)c(Br)cnc3[nH]2)cc1,187.0,6.73
mol_0956,CHEMBL5512555,CC(=O)N1CCC(C(=O)Nc2ccc(CNc3nc(NC4CCOCC4)nc4c(C(C)C)cnn34)cc2)CC1,187.6,6.73
mol_0957,CHEMBL1823630,N[C@H](CNc1nnc(-c2ccc3c(c2)CC(=O)N3)s1)Cc1ccc(C(F)(F)F)cc1,190.0,6.72
mol_0958,CHEMBL5411187,COc1ccc(Cc2nnc(N3CCN(C(=S)Nc4cccc(Cl)c4)CC3)c3ccccc23)cc1,188.71,6.72
mol_0959,CHEMBL292864,O=C1Nc2ccc(Br)cc2/C1=C/c1[nH]cc2c1CCOC2=O,190.0,6.72
mol_0960,CHEMBL4161364,N=c1[nH]c(=O)[nH]c2c1cnn2-c1ccc(S(N)(=O)=O)cc1,190.0,6.72
mol_0961,CHEMBL5284748,NC[C@@H](CNc1cncc(-c2ccc3[nH]nc(NC(=O)c4ccccc4)c3c2)c1)c1ccccc1,190.0,6.72
mol_0962,CHEMBL392775,Cc1cc(N2CCCS2(=O)=O)c2oc(-c3ccc(O)c(Cl)c3)c(O)c(=O)c2c1,190.0,6.72
mol_0963,CHEMBL5415967,O=C(Nc1ccc(N2CCNCC2)cc1)c1n[nH]cc1Nc1cc(C2CC2)ncn1,193.21,6.71
mol_0964,CHEMBL5759958,Cc1nc2c(F)cc(-c3nc(Nc4ccc5c(n4)CCN(C(=O)CN(C)C)C5)ncc3F)cc2n1C1CCCC1,193.0,6.71
mol_0965,CHEMBL419720,CN(C)CC(O)COc1ccc(Nc2ncc(Br)c(N(CCCC(F)(F)F)c3ccccc3)n2)cc1,200.0,6.7
mol_0966,CHEMBL1080892,Cc1n[nH]c2ccc(-c3nnc(NC[C@@H](N)Cc4ccccc4C(F)(F)F)s3)cc12,198.0,6.7
mol_0967,CHEMBL84436,CC(C)n1cnc2c(NCc3ccccc3)nc(NC[C@@H](C)O)nc21,200.0,6.7
mol_0968,CHEMBL402910,CCN(CC)c1ccc2[nH]nc(NC(=O)Cc3ccccc3)c2c1,200.0,6.7
mol_0969,CHEMBL1630118,O=C(NO)c1ccc(-c2ccc3ncnc(Nc4ccc(OCc5cccc(F)c5)c(Cl)c4)c3c2)s1,200.0,6.7
mol_0970,CHEMBL510566,C[C@@H]1CNC[C@@H](C(=O)Nc2ncc(SCc3ncc(C(C)(C)C)o3)s2)C1,200.0,6.7
mol_0971,CHEMBL1922123,CC[C@@H](Nc1nc(NCc2cccnc2)c2ncn(C(C)C)c2n1)C(C)(C)O,200.0,6.7
mol_0972,CHEMBL3895782,O=C1NCC2(CCCCC2)n2c1cc1cnc(Nc3ccc(C(=O)N4CCN(C5CCC5)CC4)cn3)nc12,202.0,6.7
mol_0973,CHEMBL3937866,COc1cc(F)ccc1-c1nc(Nc2cc(CS(C)(=O)=NC#N)cc(C(F)(F)F)c2)ncc1F,200.0,6.7
mol_0974,CHEMBL2035046,C1=C/COCc2cncc(c2)-c2ccnc(n2)Nc2cccc(c2)COC/1,200.0,6.7
mol_0975,CHEMBL430703,CC(C)c1cc(NC(=O)c2ccc(Br)cc2)n[nH]1,199.99,6.7
mol_0976,CHEMBL1800459,Nc1nc(-c2cc(N3C[C@H](O)[C@@H](O)C3)ccc2O)cc(C2CCNCC2)n1,200.0,6.7
mol_0977,CHEMBL1809113,N#Cc1ccc(F)c(-c2c[nH]c(=O)c3cc(-c4ccncc4)sc23)c1,199.53,6.7
mol_0978,CHEMBL312018,O=C1Nc2ccc(F)c3ccc(-c4ccc[nH]4)c1c23,204.0,6.69
mol_0979,CHEMBL3943554,CC(C)C1CN(c2ccc(Nc3ncc4cc5n(c4n3)C3(CCCCC3)CNC5=O)nc2)CCN1,204.0,6.69
mol_0980,CHEMBL3942483,O=C1NCC2(CCCC2)n2c1cc1cnc(Nc3ccc(C(=O)N4CCN(CC5CC5)CC4)cn3)nc12,203.0,6.69
mol_0981,CHEMBL72461,Cc1nc2ccccn2c1-c1ccnc(Nc2ccccc2)n1,210.0,6.68
mol_0982,CHEMBL5555560,CCC(=O)Nc1ccc(CNc2nc(NC(CO)CO)nc3c(C(C)C)cnn23)cc1,206.7,6.68
mol_0983,CHEMBL5774696,Cc1nc2c(F)cc(-c3nc(Nc4ccc5c(n4)CCN(C[C@H](C)N)C5)ncc3F)cc2n1C1CC1,207.0,6.68
mol_0984,CHEMBL6038282,Cc1nc2c(F)cc(-c3nc(Nc4ccc5c(n4)CCN(C(=O)[C@@H]4CCCN4)C5)ncc3F)cc2n1C1CC1,212.0,6.67
mol_0985,CHEMBL5555057,CC(=O)Nc1ccc(CNc2nc(NC3CCCNC3)nc3c(C(C)C)cnn23)cc1,214.4,6.67
mol_0986,CHEMBL365046,Nc1nc2ccc(C(=O)c3c(F)cccc3F)cn2c1C(=S)c1ccccc1,214.0,6.67
mol_0987,CHEMBL6014795,Cc1nc2c(F)cc(-c3nc(Nc4ccc5c(n4)CCN(C(=O)C4CCCN4)C5)ncc3F)cc2n1C1CC1,212.0,6.67
mol_0988,CHEMBL5419652,N#Cc1ccc(Nc2nccc(C(=O)Nc3cnccc3-c3ccc(F)cc3)n2)cc1,220.0,6.66
mol_0989,CHEMBL3917892,CCS(=N)(=O)Cc1cc(F)cc(Nc2ncc(F)c(-c3ccc(F)cc3OC)n2)c1,220.0,6.66
mol_0990,CHEMBL563366,CNC(=O)c1nn(C)c2c1C(C)(C)Cc1cnc(Nc3cccc(N(C)C)c3)nc1-2,220.0,6.66
mol_0991,CHEMBL418203,CN1CCC(c2c(O)cc(O)c3c(=O)cc(-c4ccccc4Cl)oc23)[C@@H](O)C1,220.0,6.66
mol_0992,CHEMBL102636,COc1ccc(Nc2nc(N)c(N=O)c(OCC3CCCCC3)n2)cc1,220.0,6.66
mol_0993,CHEMBL482211,CC[C@H](CO)Nc1nc(NCc2ccccc2)c2ncc(C(C)C)n2n1,220.0,6.66
mol_0994,CHEMBL4077967,CN(C)Cc1ccc2ccc(Cl)c(C3=C(c4cn(C)c5ccccc45)C(=O)NC3=O)c2c1,220.0,6.66
mol_0995,CHEMBL3962241,COc1cc(F)ccc1-c1nc(Nc2cc(F)cc(CS(C)(=N)=O)c2)ncc1F,220.0,6.66
mol_0996,CHEMBL3944304,COc1cc(F)ccc1-c1nc(Nc2cccc(CS(=O)(=NC#N)C3CC3)c2)ncc1F,220.0,6.66
mol_0997,CHEMBL1922120,CCC(O)[C@@H](CC)Nc1nc(NCc2cccnc2)c2ncn(C(C)C)c2n1,220.0,6.66
mol_0998,CHEMBL3953160,COc1cc(F)ccc1-c1nc(Nc2cc(C)cc(CS(C)(=O)=NC#N)c2)ncc1F,220.0,6.66
mol_0999,CHEMBL112442,CCCC(=O)Nc1cc(C2CC2)[nH]n1,223.87,6.65
mol_1000,CHEMBL2035049,C1=C/Cn2ccc3ccc(cc32)-c2ccnc(n2)Nc2ccc(OCCN3CCCC3)c(c2)COC/1,230.0,6.64
mol_1001,CHEMBL365847,CC(=O)c1c(C)c2cnc(Nc3ccc(N4CCNCC4)cc3)nc2n(C2CCCC2)c1=O,230.0,6.64
mol_1002,CHEMBL3912866,COc1cc(F)ccc1-c1nc(Nc2cc(CS(C)(=N)=O)cc(C(F)(F)C(F)(F)F)c2)ncc1F,230.0,6.64
mol_1003,CHEMBL251796,Cc1ccc(Sc2cnc(Nc3cccc(Br)n3)s2)cc1C(=O)N1CCN(C(=O)[C@@H](C)N)CC1,230.0,6.64
mol_1004,CHEMBL516003,O=C(Nc1ccccc1F)Nc1c[nH]nc1-c1nc2cc(CN3CCOCC3)ccc2[nH]1,230.0,6.64
mol_1005,CHEMBL519715,COc1cc(Nc2ncc3c(C)nc(-c4ccccc4)n3n2)cc(OC)c1OC,230.0,6.64
mol_1006,CHEMBL496162,CC(C)Oc1ccc2c(-c3ccnc(Nc4ccc(N5CCN(C)CC5)cc4)n3)cnn2n1,230.0,6.64
mol_1007,CHEMBL4756595,COc1cc(F)ccc1-c1cc(Nc2cc(CS(C)(=N)=O)ccn2)ncc1F,231.0,6.64
mol_1008,CHEMBL5175160,CNS(=O)(=O)c1ccc(Nc2ncc3c(n2)N([C@H]2CCC[C@@H]2C)C(=O)C32CC2)cc1,230.0,6.64
mol_1009,CHEMBL524629,CC(C)(C)c1cnc(CSc2cnc(NCC3CCNCC3)s2)o1,229.0,6.64
mol_1010,CHEMBL5202522,Nc1nc(N[C@H]2CC3CCC2C3)sc1C(=O)c1ccccc1[N+](=O)[O-],233.0,6.63
mol_1011,CHEMBL6141840,COCCN1CCC(c2cc3c(-c4cnn(CC5CC5)c4)c(Cl)cnc3[nH]2)CC1,235.5,6.63
mol_1012,CHEMBL4449998,Cc1nc2c(F)cc(-c3nc(Nc4ccc5c(n4)CCN(CCN(C)C)C5)ncc3F)cc2n1CC1CC1,232.0,6.63
mol_1013,CHEMBL3822583,CC(=O)N1CCC(n2ncc(Nc3ncc(Cl)c(-c4cnc5ccccn45)n3)c2C)CC1,232.0,6.63
mol_1014,CHEMBL477038,Cn1cc(C2=C(c3coc4cc(CO)ccc34)C(=O)NC2=O)c2cc(F)ccc21,237.0,6.62
mol_1015,CHEMBL3960348,COc1cc(F)ccc1-c1nc(Nc2cccc(CS(C)(=O)=NC#N)c2)ncc1F,240.0,6.62
mol_1016,CHEMBL5407116,S=C(Nc1ccccc1)N1CCN(c2nnc(Cc3ccccc3)c3ccccc23)CC1,239.7,6.62
mol_1017,CHEMBL5170195,COc1cc(F)ccc1-c1ccnc2[nH]c(-c3ccc(CN4CCOCC4)cc3)cc12,240.0,6.62
mol_1018,CHEMBL225519,O=C1NCCc2[nH]c(-c3ccncc3)cc21,240.0,6.62
mol_1019,CHEMBL482368,COc1cc(-c2ccc3c(-c4nc5c(N6CCN(C)CC6)cccc5[nH]4)n[nH]c3c2)ccc1N,247.0,6.61
mol_1020,CHEMBL560839,CNC(=O)c1nn(C)c2c1C(C)(C)Cc1cnc(Nc3cccc(N4CCOCC4)c3)nc1-2,248.0,6.61
mol_1021,CHEMBL210581,COCCOCC(=O)NS(=O)(=O)c1ccc(Nc2nc(N)n(C(=O)c3c(F)cccc3F)n2)cc1,247.0,6.61
mol_1022,CHEMBL5828906,Cc1nc2c(F)cc(-c3nc(Nc4ccc5c(n4)CCN(C[C@@H](C)N)C5)ncc3F)cc2n1C1CC1,249.0,6.6
mol_1023,CHEMBL3949630,COc1cc(F)ccc1-c1nc(Nc2cc(F)cc(CS(=O)(=NC#N)C3CC3)c2)ncc1F,250.0,6.6
mol_1024,CHEMBL1800460,CN(C)c1cc(-c2cc(N3C[C@H](O)[C@@H](O)C3)ccc2O)nc(N)n1,250.0,6.6
mol_1025,CHEMBL1809110,O=c1[nH]cc(-c2ccc(N3CCOCC3)cc2)c2sc(-c3cn[nH]c3)cc12,251.19,6.6
mol_1026,CHEMBL556214,Cc1nnc2sc(Cc3sc(N)nc3O)nn12,250.0,6.6
mol_1027,CHEMBL4752238,C=CC(=O)Nc1ccc(O[C@@H]2CCC[C@@H](Nc3ncc(SCc4ncc(C(C)(C)C)o4)s3)C2)c(C(F)(F)F)c1,251.0,6.6
mol_1028,CHEMBL206659,CS(=O)(=O)c1ccc(Nc2cc(N[C@H]3CC[C@H](N)CC3)nc3ncnn23)cc1,250.0,6.6
mol_1029,CHEMBL232749,Cc1cc(N2CCCS2(=O)=O)c2oc(-c3ccc(O)cc3)c(O)c(=O)c2c1,250.0,6.6
mol_1030,CHEMBL417228,COc1ccc2c(c1)/C(=C/c1[nH]cc3c1CCNC3=O)C(=O)N2,250.0,6.6
mol_1031,CHEMBL5406341,Cn1cc(CCNc2ccc([N+](=O)[O-])cc2C(=O)O)c2ccc(Br)cc21,250.0,6.6
mol_1032,CHEMBL3823301,CC(=O)N1CCC(n2ncc(Nc3ncc(Cl)c(-c4cnn5ccccc45)n3)c2C)CC1,254.0,6.59
mol_1033,CHEMBL3986852,O=C1NCC2(CCCCC2)n2c1cc1cnc(Nc3ccc(N4CCN(CC5CC5)CC4)cn3)nc12,265.0,6.58
mol_1034,CHEMBL5940888,C=CC(=O)Nc1ccc(S(=O)(=O)N2CCC[C@@H](Nc3ncc(SCc4ncc(C(C)(C)C)o4)s3)C2)cc1,264.0,6.58
mol_1035,CHEMBL382607,N[C@H]1CC[C@H](Nc2cc(Nc3ccc(S(=O)(=O)c4ccccc4)cc3)n3ncnc3n2)CC1,260.0,6.58
mol_1036,CHEMBL4756935,C=CC(=O)Nc1ccc(S(=O)(=O)N2CCCC(Nc3ncc(SCc4ncc(C(C)(C)C)o4)s3)C2)cc1,264.0,6.58
mol_1037,CHEMBL210765,CN1CCN(CCC(=O)NS(=O)(=O)c2ccc(Nc3nc(N)n(C(=O)c4c(F)cccc4F)n3)cc2)CC1,266.0,6.58
mol_1038,CHEMBL5573043,CNCc1ccc(-n2cc(-c3nc(NC4CCN(S(C)(=O)=O)CC4)ncc3C(F)(F)F)cn2)c(Cl)c1,263.0,6.58
mol_1039,CHEMBL6144286,Cn1cc(-c2c(Cl)cnc3[nH]c(C4CCNCC4)cc23)cn1,266.9,6.57
mol_1040,CHEMBL212049,Cc1cnc(OC2CCCCC2)nc1-c1cnc(Nc2ccccn2)s1,270.0,6.57
mol_1041,CHEMBL5281785,O=C(Nc1n[nH]c2ccc(-c3cncc(NC[C@H](O)c4ccccc4)c3)cc12)c1ccccc1,269.0,6.57
mol_1042,CHEMBL57446,Cc1cccc2c1/C(=C/c1[nH]cc3c1CCOC3=O)C(=O)N2,270.0,6.57
mol_1043,CHEMBL380331,NS(=O)(=O)c1ccc(Nc2cc(N[C@H]3CC[C@H](N)CC3)nc3ncnn23)cc1,270.0,6.57
mol_1044,CHEMBL2035052,C1=C/COCc2cc(ccc2OCCN2CCCC2)Nc2nccc(n2)-c2ccnc(c2)OCC/1,270.0,6.57
mol_1045,CHEMBL5807535,C=CC(=O)NCc1ccc(C(=O)N2CCCC(Nc3ncc(SCc4ncc(C(C)(C)C)o4)s3)C2)cc1,267.0,6.57
mol_1046,CHEMBL3978185,CS(=N)(=O)Cc1cccc(Nc2ncc(F)c(-c3cccc4c3OCCC4)n2)c1,270.0,6.57
mol_1047,CHEMBL1082016,Cn1c(=O)[nH]c2ccc(-c3cnc(NC[C@@H](N)Cc4ccc(C(F)(F)F)cc4)s3)cc21,276.0,6.56
mol_1048,CHEMBL1964252,Cc1cccc(C)c1NS(=O)(=O)c1ccc(N/C=C2\C(=O)Nc3ccc4ncsc4c32)cc1,281.0,6.55
mol_1049,CHEMBL5832188,Cc1nc2c(F)cc(-c3nc(Nc4ccc5c(n4)CCN(C(=O)CN(C)C)C5)ncc3F)cc2n1C1CCCCC1,281.0,6.55
mol_1050,CHEMBL1688215,Nc1nccc(-c2ccc3c(N)n[nH]c3c2)n1,280.0,6.55
mol_1051,CHEMBL3923419,CCOc1cc(F)ccc1-c1nc(Nc2cc(F)cc(CS(C)(=O)=NC#N)c2)ncc1F,290.0,6.54
mol_1052,CHEMBL1081853,N[C@H](CNc1ncc(-c2ccc3[nH]c(=O)sc3c2)s1)Cc1ccc(C(F)(F)F)cc1,285.0,6.54
mol_1053,CHEMBL4752989,CN(C)C/C=C/C(=O)Nc1cccc(C(=O)N2CCCC(Nc3ncc(SCc4ncc(C(C)(C)C)o4)s3)C2)c1,286.0,6.54
mol_1054,CHEMBL324942,O=C(Nc1cc(C2CC2)n[nH]1)c1ccccc1,289.73,6.54
mol_1055,CHEMBL5398705,O=C(Nc1ccccc1)N1CCN(c2nnc(Cc3ccccc3)c3ccccc23)CC1,285.5,6.54
mol_1056,CHEMBL3955818,CC(C)(C)CCN1CCN(c2ccc(Nc3ncc4cc5n(c4n3)C3(CCCC3)CNC5=O)nc2)CC1,291.0,6.54
mol_1057,CHEMBL3890286,CCN(CC)C1CCN(C(=O)c2ccc(Nc3ncc4cc5n(c4n3)C3(CCCCC3)CNC5=O)nc2)C1,288.0,6.54
mol_1058,CHEMBL3655775,CC(C)n1cnc2c(NCc3cccnc3)nc(NC[C@@H](C)O)nc21,290.0,6.54
mol_1059,CHEMBL458548,Cc1ncc(-c2ccnc(Nc3ccc(S(=O)(=O)CCCN(C)C)cc3)n2)n1C,295.0,6.53
mol_1060,CHEMBL5765752,Cc1nc2c(F)cc(-c3nc(Nc4ccc5c(n4)CCN(C(=O)CCN(C)C)C5)ncc3F)cc2n1C1CCC1,294.0,6.53
mol_1061,CHEMBL5883845,Cc1nc2c(F)cc(-c3nc(Nc4ccc5c(n4)CCN(C(=O)CN(C)C)C5)ncc3F)cc2n1C1CCC1,294.0,6.53
mol_1062,CHEMBL84347,CCN(CC)CCNc1cc(-c2ccc[nH]2)c2c3c(ccc(F)c13)NC2=O,294.0,6.53
mol_1063,CHEMBL5423185,O=C(O)c1cc(S(F)(F)(F)(F)F)ccc1NCCc1c[nH]c2ccccc12,300.0,6.52
mol_1064,CHEMBL419534,CN(C)CC(O)COc1ccc(Nc2ncc(Br)c(Nc3ccccc3)n2)cc1,300.0,6.52
mol_1065,CHEMBL1800462,CN1CCN(c2cc(-c3cc(N4C[C@H](O)[C@@H](O)C4)ccc3O)nc(N)n2)CC1,300.0,6.52
mol_1066,CHEMBL293113,O=C1Nc2ccc(F)cc2/C1=C/c1[nH]cc2c1CCNC2=O,300.0,6.52
mol_1067,CHEMBL5417371,COc1ccc(C(=O)N2CCN(c3nnc(Cc4ccccc4)c4ccccc34)CC2)cc1,301.0,6.52
mol_1068,CHEMBL5935906,CNCCN1CCc2nc(Nc3ncc(F)c(-c4cc(F)c5nc(C)n(C6CC6)c5c4)n3)ccc2C1,301.0,6.52
mol_1069,CHEMBL5932825,Cc1nc2c(F)cc(-c3nc(Nc4ccc5c(n4)CCN(C(=O)CN(C)C)C5)ncc3F)cc2n1C1CC1,304.0,6.52
mol_1070,CHEMBL5269468,C[C@@H](CO)Nc1nc(N)c(/[N+]([O-])=N/C#N)c(OCC2CCCCC2)n1,300.0,6.52
mol_1071,CHEMBL45477,CN1CCC(c2c(O)cc(O)c3c2O/C(=C\c2ccc([N+](=O)[O-])cc2)C3=O)CC1,310.0,6.51
mol_1072,CHEMBL5424372,COc1ccc(NC(=S)N2CCN(c3nnc(Cc4ccccc4)c4ccccc34)CC2)cc1,307.77,6.51
mol_1073,CHEMBL5867735,Cc1nc2c(F)cc(-c3nc(Nc4ccc5c(n4)CN(CCN(C)C)C5=O)ncc3F)cc2n1C(C)C,306.0,6.51
mol_1074,CHEMBL2348154,Nc1nccc(-n2cc(-c3cccnc3Cl)c3cnccc32)n1,310.0,6.51
mol_1075,CHEMBL5409788,COc1ccc(Cc2nnc(N3CCN(C(=O)Nc4ccc(Cl)c(C(F)(F)F)c4)CC3)c3ccccc23)cc1,305.17,6.51
mol_1076,CHEMBL4797409,C=CC(=O)Nc1cccc(C(=O)N2CCCC(Nc3ncc(SCc4ncc(C(C)(C)C)o4)s3)C2)c1,312.0,6.51
mol_1077,CHEMBL272414,CN(C)c1ccc2c(c1)/C(=C/Nc1ccc(S(N)(=O)=O)cc1)C(=O)N2,310.0,6.51
mol_1078,CHEMBL2348164,Nc1nccc(-n2cc(-c3ccccc3)c3cnccc32)n1,310.0,6.51
mol_1079,CHEMBL5839538,Cc1nc2c(F)cc(-c3nc(Nc4ccc5c(n4)CCN(C(=O)CCN(C)C)C5)ncc3F)cc2n1C1CC1,314.0,6.5
mol_1080,CHEMBL5532122,CC[C@H](CO)Nc1nc(NCc2ccc(NC(C)=O)cc2)n2ncc(C(C)C)c2n1,316.9,6.5
mol_1081,CHEMBL5177986,Cn1cc(S(=O)(=O)N2CCC(Nc3ncc4c(n3)N([C@@H]3CCC[C@@H](O)C3)C(=O)C43CC3)CC2)cn1,316.0,6.5
mol_1082,CHEMBL1169805,Cc1cc(CNC(=O)c2nn(C)c3c2CCc2cnc(Nc4ccc(N5CCN(C)CC5)cc4)nc2-3)ccn1,319.0,6.5
mol_1083,CHEMBL5757792,C=C(CCN(C)C)N1CCc2nc(Nc3ncc(F)c(-c4cc(F)c5nc(C)n(C6CC6)c5c4)n3)ccc2C1,314.0,6.5
mol_1084,CHEMBL3421981,c1cc2c(-c3ccnc4[nH]ccc34)c[nH]c2cn1,314.0,6.5
mol_1085,CHEMBL2035047,CN1C/C=C/COCc2ccc(o2)-c2ccnc(n2)Nc2cccc(c2)C1,320.0,6.5
mol_1086,CHEMBL5872006,Cc1nc2c(F)cc(-c3nc(Nc4ccc5c(n4)CCN(C[C@H]4CCCN4C)C5)ncc3F)cc2n1C1CC1,317.0,6.5
mol_1087,CHEMBL5557963,CCC(=O)Nc1ccc(CNc2nc(NC3CCOCC3)nc3c(C(C)C)cnn23)cc1,316.3,6.5
mol_1088,CHEMBL4649135,CCn1cnc2c(NCc3nc4ccc(F)c(F)c4[nH]3)nc(N3CCCC[C@H]3CCO)nc21,321.0,6.49
mol_1089,CHEMBL1076581,N[C@H](CNc1nnc(-c2ccc3[nH]ncc3c2)s1)Cc1ccc(Cl)cc1Cl,323.0,6.49
mol_1090,CHEMBL189607,Nc1nc2ccc(C(=O)c3c(F)cccc3F)cn2c1C(=O)c1ccccc1,324.0,6.49
mol_1091,CHEMBL6161225,CC(C)N1CCC(c2cc3c(-c4cnn(CC5CC5)c4)c(Cl)cnc3[nH]2)CC1,333.9,6.48
mol_1092,CHEMBL561179,Nc1ccc(-c2nn3c(COc4ccc(Cl)cc4)nnc3s2)cc1,330.0,6.48
mol_1093,CHEMBL5950277,Cc1nc2c(F)cc(-c3nc(Nc4ccc5c(n4)CCN(C(=O)NCCO)C5)ncc3F)cc2n1C1CC1,334.0,6.48
mol_1094,CHEMBL3949057,CCOC(=O)N=S(C)(=O)Cc1cccc(Nc2ncc(F)c(-c3cccc4c3OCCC4)n2)c1,330.0,6.48
mol_1095,CHEMBL2035182,COCCOc1ccc2cc1CN(C)C/C=C/COCc1ccc(s1)-c1ccnc(n1)N2,330.0,6.48
mol_1096,CHEMBL4788401,C=CC(=O)Nc1ccc(O[C@@H]2CCC[C@@H](Nc3ncc(SCc4ncc(C(C)(C)C)o4)s3)C2)cc1,334.0,6.48
mol_1097,CHEMBL3932396,COCCOC(=O)N=S(C)(=O)Cc1cc(F)cc(Nc2ncc(F)c(-c3ccc(F)cc3OC)n2)c1,330.0,6.48
mol_1098,CHEMBL4777981,COc1ccc(F)cc1-c1c(F)cnc2[nH]c(C3=CCN([C@H]4CC[C@H](C(=O)O)CC4)CC3)cc12,328.0,6.48
mol_1099,CHEMBL4115060,C[C@@H](O)CN1CCN(c2ccc(Nc3ncc4cc5n(c4n3)C3(CCCCC3)CNC5=O)nc2)CC1,342.0,6.47
mol_1100,CHEMBL5418073,S=C(Nc1ccc(Cl)cc1)N1CCN(c2nnc(Cc3ccccc3)c3ccccc23)CC1,340.87,6.47
mol_1101,CHEMBL318522,O=C(Nc1n[nH]c2cc(-c3cccs3)ccc12)C1CC1,341.0,6.47
mol_1102,CHEMBL445607,O=C1Nc2cccc(CCO)c2/C1=C/c1[nH]cc2c1CCNC2=O,340.0,6.47
mol_1103,CHEMBL3972796,CCOC(=O)N=S(C)(=O)Cc1cccc(Nc2ncc(F)c(-c3cccc4c3OCC4)n2)c1,350.0,6.46
mol_1104,CHEMBL5198038,CC(C)n1cc(-c2ccnc3[nH]c(C4CCN(CC(=O)N(C)C)CC4)cc23)ccc1=O,350.0,6.46
mol_1105,CHEMBL5774515,Cc1nc2c(F)cc(-c3nc(Nc4ccc5c(n4)CCN(C(=O)OCCN(C)C)C5)ncc3F)cc2n1C1CC1,346.0,6.46
mol_1106,CHEMBL1081119,N[C@H](CNc1nnc(-c2ccc3cnccc3c2)o1)Cc1ccc(C(F)(F)F)cc1,348.0,6.46
mol_1107,CHEMBL2011935,COc1ccc(-c2nc3c(NCCCNC(=O)C4CC(O)C4)c(Br)cnc3[nH]2)cc1,345.0,6.46
mol_1108,CHEMBL497306,COc1cccc(F)c1C(=O)Nc1c[nH]nc1C(=O)NC1CCNCC1,350.0,6.46
mol_1109,CHEMBL5190046,CNS(=O)(=O)c1ccc(Nc2ncc3c(n2)N([C@@H]2CCC[C@@]2(C)O)C(=O)C32CC2)cc1,350.0,6.46
mol_1110,CHEMBL5440832,COc1ccc(Cc2nnc(N3CCN(C(=O)Nc4ccc(OC)cc4)CC3)c3ccccc23)cc1,344.53,6.46
mol_1111,CHEMBL203407,NS(=O)(=O)c1ccc(Nc2cc(OC3CCCCC3)nc3ncnn23)cc1,350.0,6.46
mol_1112,CHEMBL5555666,CC[C@@H](CO)Nc1nc(NCc2ccc(NC(=O)C3CCOCC3)cc2)n2ncc(C(C)C)c2n1,358.4,6.45
mol_1113,CHEMBL4445727,CCn1c(C)nc2c(F)cc(-c3nc(Nc4ccc5c(n4)CCN(CCN(C)C)C5)ncc3F)cc21,358.0,6.45
mol_1114,CHEMBL5531956,CC[C@@H](CO)Nc1nc(NCc2ccc(NC(C)=O)cc2)n2ncc(C(C)C)c2n1,351.4,6.45
mol_1115,CHEMBL1800458,Nc1nc(-c2cc(N3C[C@H](O)[C@@H](O)C3)ccc2O)cc(C2CCCNC2)n1,360.0,6.44
mol_1116,CHEMBL5950426,Cc1nc2c(F)cc(-c3nc(Nc4ccc5c(n4)CCN(C(=O)N(C)CCN(C)C)C5)ncc3F)cc2n1C1CC1,364.0,6.44
mol_1117,CHEMBL405042,C/C(Nc1ccc(S(N)(=O)=O)cc1)=C1/C(=O)Nc2ccccc21,360.0,6.44
mol_1118,CHEMBL3823522,COc1nn(C2CCN(C(C)=O)CC2)cc1Nc1ncc(Cl)c(-c2cnn3ccccc23)n1,361.0,6.44
mol_1119,CHEMBL1823663,CN1CC([C@@H](NC(=O)c2ccc3cnccc3c2)c2ccc(Cl)c(Cl)c2)C1,360.0,6.44
mol_1120,CHEMBL5981421,CCN1CCC(COc2ccc(Nc3ncc(F)c(-c4cc(F)c5nc6n(c5c4)C(C)(C)CC6)n3)nc2)CC1,368.0,6.43
mol_1121,CHEMBL5207533,C[C@H]1CC[C@@H](n2c3cnccc3c3cnc(Nc4ccc5c(n4)CCN(C(=O)CO)C5)nc32)CC1,375.0,6.43
mol_1122,CHEMBL503917,N#Cc1cnn2cccnc12,370.0,6.43
mol_1123,CHEMBL4062453,CN(C)CCn1cc(-c2ccn3c(-c4ccc(C(N)=O)c(OCc5cccc(F)c5)c4)cnc3c2)cn1,370.0,6.43
mol_1124,CHEMBL2011928,COc1ccc(-c2nc3c(NCCCNC(C)=O)c(Br)cnc3[nH]2)cc1,370.0,6.43
mol_1125,CHEMBL5421048,Cn1cc(CCNc2ccc([N+](=O)[O-])cc2C(=O)O)c2ccc(F)cc21,370.0,6.43
mol_1126,CHEMBL3913590,CC(C)N1CCN(C(=O)c2ccc(Nc3ncc4cc5n(c4n3)C3(CCCCC3)CNC5=O)nc2)CC1,367.0,6.43
mol_1127,CHEMBL5754925,Cc1nc2c(F)cc(-c3nc(Nc4ccc5c(n4)CCN(C[C@@H](O)CN(C)C)C5)ncc3F)cc2n1C1CC1,371.0,6.43
mol_1128,CHEMBL3934257,COc1cc(F)ccc1-c1nc(Nc2cc(F)cc(CS(=N)(=O)C3CC3)c2)ncc1F,380.0,6.42
mol_1129,CHEMBL82603,Cc1cc(-c2ccc[nH]2)c2c3c(ccc(F)c13)NC2=O,376.0,6.42
mol_1130,CHEMBL3823007,Cc1nn(C2CCNCC2)cc1Nc1ncc(Cl)c(-c2cnc3ccccn23)n1,392.0,6.41
mol_1131,CHEMBL2163607,N[C@H]1CC[C@H](Nc2cc(Nc3ccccc3Cl)n3nccc3n2)CC1,390.0,6.41
mol_1132,CHEMBL6146765,COCC(C)N1CCC(c2cc3c(-c4cnn(CC5CC5)c4)c(Cl)cnc3[nH]2)CC1,393.6,6.41
mol_1133,CHEMBL3822543,Cc1c(Nc2ncc(Cl)c(-c3cnc4ccccn34)n2)cnn1C1CCNCC1,392.0,6.41
mol_1134,CHEMBL3648098,C[C@H](CO)Nc1nc(Nc2ccc(S(C)(=O)=NS(=O)(=O)CC[Si](C)(C)C)cc2)ncc1Br,390.0,6.41
mol_1135,CHEMBL1922211,CC[C@H](Nc1nc(NCc2cccnc2)c2ncn(C(C)C)c2n1)C(O)C(C)(C)C,390.0,6.41
mol_1136,CHEMBL5431456,COc1ccc(Cc2nnc(N3CCN(C(=S)Nc4ccc(OC)cc4)CC3)c3ccccc23)cc1,396.35,6.4
mol_1137,CHEMBL485602,COCCN(C)S(=O)(=O)c1ccc(Nc2nccc(-c3cnc(C)n3C)n2)cc1,400.0,6.4
mol_1138,CHEMBL555229,Sc1nn2c(COc3ccc(Cl)cc3)nnc2s1,400.0,6.4
mol_1139,CHEMBL5527858,CC(=O)Nc1ccc(CNc2nc(N3CCC[C@@H](O)C3)nc3c(C(C)C)cnn23)cc1,398.4,6.4
mol_1140,CHEMBL5569715,CC(C)(O)Cn1cc(-c2nc(NC3CCN(S(=O)(=O)C4CC4)CC3)ncc2C(F)(F)F)cn1,398.0,6.4
mol_1141,CHEMBL203571,CCN(CC)c1cc(Nc2ccc(S(N)(=O)=O)cc2)n2ncnc2n1,400.0,6.4
mol_1142,CHEMBL3940387,CC(C)c1c2cc(-c3ccnc(N[C@H]4CC[C@H](NC5CCOCC5)CC4)n3)ccc2nn1C,400.0,6.4
mol_1143,CHEMBL5517681,CC(=O)Nc1ccc(CNc2nc(N3CCC[C@H](O)C3)nc3c(C(C)C)cnn23)cc1,397.9,6.4
mol_1144,CHEMBL3109949,COc1ccc(Nc2cc3[nH]c(-c4cn[nH]c4)cc3cn2)cc1,400.0,6.4
mol_1145,CHEMBL1802728,CCN(CC)C(=O)c1ccc(Nc2nc(OCC3CCCCC3)c3nc[nH]c3n2)cc1,400.0,6.4
mol_1146,CHEMBL5199065,CCC(CC)c1cc(N[C@H]2CC[C@H](N)C2)n2nccc2n1,396.0,6.4
mol_1147,CHEMBL3787112,Nc1ncnc2c1c(-c1cccc(O)c1)cn2[C@H]1C[C@@H](CN2CCC2)C1,410.0,6.39
mol_1148,CHEMBL102241,COc1ccc(-c2cc(Nc3ccc(S(N)(=O)=O)cc3)[nH]n2)cc1F,407.0,6.39
mol_1149,CHEMBL5512517,CC[C@@H](CO)Nc1cc(NCc2ccc(NC(C)=O)cc2)n2ncc(C(C)C)c2n1,402.6,6.39
mol_1150,CHEMBL3921855,COc1cc(F)ccc1-c1nc(Nc2cccc(CS(=N)(=O)C3CC3)c2)ncc1F,410.0,6.39
mol_1151,CHEMBL3976450,CCS(=N)(=O)Cc1cccc(Nc2ncc(F)c(-c3ccc(F)cc3OC)n2)c1,410.0,6.39
mol_1152,CHEMBL569720,Cc1cc(Nc2nc(N[C@@H](C)c3ncc(F)cn3)c(C#N)nc2C)n[nH]1,410.0,6.39
mol_1153,CHEMBL2035045,CN1C/C=C/COCc2cncc(c2)-c2ccnc(n2)Nc2cccc(c2)C1,420.0,6.38
mol_1154,CHEMBL6044246,Cc1nc2c(F)cc(-c3nc(Nc4ccc5c(n4)CCN(CC(=O)N(C)C)C5)ncc3F)cc2n1C1CC1,413.0,6.38
mol_1155,CHEMBL5517691,CC(=O)Nc1ccc(CNc2nc(O[C@@H]3CCCNC3)nc3c(C(C)C)cnn23)cc1,412.15,6.38
mol_1156,CHEMBL248370,CCNC(=O)N1CCC(Nc2ncc(C#N)c(-c3c[nH]c4cc(F)ccc34)n2)CC1,412.0,6.38
mol_1157,CHEMBL5436482,COc1cccc(NC(=S)N2CCN(c3nnc(Cc4ccccc4)c4ccccc34)CC2)c1,425.83,6.37
mol_1158,CHEMBL365209,Nc1nc2ccc(C(=O)c3ccccc3Cl)cn2c1C(=O)c1c(F)cccc1F,428.0,6.37
mol_1159,CHEMBL3916775,CNC(=O)N=S(C)(=O)Cc1cccc(Nc2ncc(F)c(-c3ccc(F)cc3OC)n2)c1,430.0,6.37
mol_1160,CHEMBL1630108,O=C(/C=C/c1ccc(-c2ccc3ncnc(Nc4ccc(OCc5cccc(F)c5)c(Cl)c4)c3c2)s1)NO,440.0,6.36
mol_1161,CHEMBL5558295,CC(=O)Nc1ccc(CNc2nc(O[C@H]3CCCNC3)nc3c(C(C)C)cnn23)cc1,433.6,6.36
mol_1162,CHEMBL141247,O=C(Nc1ccccn1)Nc1cccc2c1[C@H]1CCCN1C2=O,440.0,6.36
mol_1163,CHEMBL361196,O=C(Nc1ncnc2oc(-c3cccnc3)cc12)C1CC1,440.0,6.36
mol_1164,CHEMBL5518081,CC(=O)Nc1ccc(CNc2nc(NC3COC3)nc3c(C(C)C)cnn23)cc1,436.8,6.36
mol_1165,CHEMBL5439522,Cn1cc(CCNc2ccc([N+](=O)[O-])cc2C(=O)O)c2ccc(Cl)cc21,440.0,6.36
mol_1166,CHEMBL1630107,O=C(/C=C/c1ccc(-c2ccc3ncnc(Nc4ccc(OCc5cccc(F)c5)c(Cl)c4)c3c2)o1)NO,440.0,6.36
mol_1167,CHEMBL189937,Cc1c(Br)c(=O)n(C2CCCC2)c2nc(Nc3ccc(N4CCNCC4)cc3)ncc12,439.0,6.36
mol_1168,CHEMBL182419,O=C(Nc1ncnc2oc(-c3cccnc3)cc12)C1CCCC1,450.0,6.35
mol_1169,CHEMBL1800463,Nc1nc(NCCN2CCOCC2)cc(-c2cc(N3C[C@H](O)[C@@H](O)C3)ccc2O)n1,450.0,6.35
mol_1170,CHEMBL2064628,CN(C)C[C@@H](OC(=O)N1Cc2c(NC(=O)C(C)(C)C)n[nH]c2C1(C)C)c1ccccc1,450.0,6.35
mol_1171,CHEMBL5832698,Cc1nc2c(F)cc(-c3nc(Nc4ccc5c(n4)CCN(C(=O)[C@@H](C)N(C)C)C5)ncc3F)cc2n1C1CC1,444.0,6.35
mol_1172,CHEMBL1800453,CCCCCCc1cc(-c2cc(N3C[C@H](O)[C@@H](O)C3)ccc2O)nc(N)n1,450.0,6.35
mol_1173,CHEMBL521871,CN(C)CC(O)COc1ccc(Nc2nccc(-c3cnn4nc(N5CCOCC5)ccc34)n2)cc1,450.0,6.35
mol_1174,CHEMBL2158861,CNC(=O)Nc1ccc(-c2cc(-c3ccnc(Nc4ccc(C)c(S(=O)(=O)N(C)C)c4)n3)ccn2)cc1,460.0,6.34
mol_1175,CHEMBL578201,Cc1cc(Nc2nc(N[C@@H](C)c3ccc(F)cn3)c(C#N)nc2C)n[nH]1,460.0,6.34
mol_1176,CHEMBL5190590,CNS(=O)(=O)c1ccc(Nc2ncc3c(n2)N(c2cc(F)ccc2Cl)C(=O)C32CC2)cc1,460.0,6.34
mol_1177,CHEMBL5203908,CNS(=O)(=O)c1ccc(Nc2ncc3c(n2)N([C@@H](C)C2CC2)C(=O)C32CC2)cc1,460.0,6.34
mol_1178,CHEMBL5404411,COc1ccc(Cc2nnc(N3CCN(C(=O)c4ccccc4)CC3)c3ccccc23)cc1,455.48,6.34
mol_1179,CHEMBL1630117,O=C(NO)c1ccc(-c2ccc3ncnc(Nc4ccc(OCc5cccc(F)c5)c(Cl)c4)c3c2)o1,460.0,6.34
mol_1180,CHEMBL189047,C[C@@H](C(=O)Nc1cc(C2CC2)[nH]n1)c1ccc(N2CCNC2=O)cc1,455.0,6.34
mol_1181,CHEMBL188074,COc1cccc(OC)c1C(=S)c1c(N)nc2ccc(C(=O)c3c(F)cccc3F)cn12,462.0,6.33
mol_1182,CHEMBL5402829,O=C(Nc1cnccc1-c1ccc(F)cc1)c1ccnc(Nc2ccc(F)cc2)n1,470.0,6.33
mol_1183,CHEMBL5202653,CC(=O)N(c1ccc(-c2cnn(C)c2)cc1)C1CCC(Nc2ccc(C#N)cn2)CC1,470.0,6.33
mol_1184,CHEMBL402548,CO[C@@H](C(=O)N1Cc2[nH]nc(NC(=O)c3ccc(N4CCN(C)CC4)cc3)c2C1)c1ccccc1,462.0,6.33
mol_1185,CHEMBL260928,O=C(Nc1n[nH]c2cc(-c3ccsc3)ccc12)C1CC1,484.0,6.32
mol_1186,CHEMBL3644031,CS(=O)(=O)c1ccc(Nc2ncc(C(F)(F)F)c(OC3CCCCC3)n2)cc1,480.0,6.32
mol_1187,CHEMBL5274920,C=CC(=O)Nc1ccc(C(=O)Nc2n[nH]c3ccc(-c4cncc(NC(=O)[C@@H](N)Cc5ccccc5)c4)cc23)cc1,477.0,6.32
mol_1188,CHEMBL4742985,NC(=O)c1cccc(Nc2nc(OCC3CCCCC3)c3nc[nH]c3n2)c1,480.0,6.32
mol_1189,CHEMBL3354192,COC1CCN(c2nccc(Nc3cc4c(C(C)C)n[nH]c4cn3)n2)CC1,476.0,6.32
mol_1190,CHEMBL103039,NS(=O)(=O)c1ccc(Nc2cc(-c3cccc(N4CCOCC4)c3)[nH]n2)cc1,490.0,6.31
mol_1191,CHEMBL3822858,COc1nn(C2CCN(C(C)=O)CC2)cc1Nc1ncc(Cl)c(-c2cnc3ccccn23)n1,494.0,6.31
mol_1192,CHEMBL254050,CC(=O)N1CCN(C(=O)c2cc(Sc3cnc(Nc4cccc(Br)n4)s3)ccc2C)CC1,490.0,6.31
mol_1193,CHEMBL193456,CN(C)S(=O)(=O)c1ccc(Nc2ccc(C(=O)c3c(F)cccc3F)c(N)n2)cc1,500.0,6.3
mol_1194,CHEMBL496568,CC(C)(C)c1cnc(CSc2cnc(N[C@H]3CC[C@@H](N)CC3)s2)o1,503.0,6.3
mol_1195,CHEMBL5285145,N[C@@H](COc1cncc(-c2ccc3[nH]nc(NC(=O)c4ccccc4)c3c2)c1)Cc1ccccc1,499.0,6.3
mol_1196,CHEMBL257625,CCNc1ccc2[nH]nc(NC(=O)Cc3ccccc3)c2c1,500.0,6.3
mol_1197,CHEMBL107530,Nc1nc(Nc2cccc(Br)c2)nc(OCC2CCCCC2)c1N=O,500.0,6.3
mol_1198,CHEMBL1172241,Cc1cc(CNC(=O)c2nn(CCCN)c3c2CCc2cnc(Nc4cccc(CC(=O)N(C)C)c4)nc2-3)ccn1,500.0,6.3
mol_1199,CHEMBL3352835,COC1CCN(c2nccc(Nc3cc(NC(=O)c4c(Cl)cccc4Cl)ccn3)n2)CC1,503.0,6.3
mol_1200,CHEMBL260929,O=C(Nc1n[nH]c2cc(-c3ccc[nH]3)ccc12)C1CC1,497.0,6.3
mol_1201,CHEMBL100391,CN(C)CC(O)COc1ccc(Nc2ncc(Cl)c(Nc3ccccc3)n2)cc1,500.0,6.3
mol_1202,CHEMBL333605,O=C(Nc1cc(C2CC2)[nH]n1)c1cccc(C(F)(F)F)c1,500.03,6.3
mol_1203,CHEMBL1957228,COc1ccc(-c2ocnc2C(=O)NCc2ccnnc2)cc1Cl,501.19,6.3
mol_1204,CHEMBL1957092,COc1ccc(-c2ocnc2C(=O)NCc2ccncc2)cc1F,501.19,6.3
mol_1205,CHEMBL477063,COc1cnc(CN/C=C2\C(=O)NC(=O)c3ccc(I)cc32)cc1O,500.0,6.3
mol_1206,CHEMBL1957091,COc1ccc(-c2ocnc2C(=O)NCc2ccncc2)cc1Cl,501.19,6.3
mol_1207,CHEMBL1957231,COc1ccc(-c2ocnc2C(=O)NCc2ccn3ccnc3c2)cc1Cl,501.19,6.3
mol_1208,CHEMBL2011941,O=C(NCCCNc1c(Br)cnc2[nH]c(-c3ccc(OCCN4CCCCC4)cc3)nc12)C1CCC1,518.0,6.29
mol_1209,CHEMBL3959867,CCOc1cc(F)ccc1-c1nc(Nc2cc(F)cc(CS(C)(=N)=O)c2)ncc1F,510.0,6.29
mol_1210,CHEMBL5417190,COc1ccc(Cc2nnc(N3CCN(C(=O)Nc4ccccc4)CC3)c3ccccc23)cc1,515.17,6.29
mol_1211,CHEMBL5396190,COc1ccc(Cc2nnc(N3CCN(C(=S)Nc4ccccc4)CC3)c3ccccc23)cc1,523.59,6.28
mol_1212,CHEMBL522563,O=C(Nc1c[nH]nc1-c1nc2ccc(CN3CCOCC3)cc2[nH]1)c1ccc(F)cc1,530.0,6.28
mol_1213,CHEMBL3354191,COC1CCN(c2nccc(Nc3cc4c(cn3)c(N)nn4C(C)C)n2)CC1,530.0,6.28
mol_1214,CHEMBL251795,Cc1ccc(Sc2cnc(Nc3cccc(Br)n3)s2)cc1C(=O)N1CCN(C(=O)[C@H](C)N)CC1,520.0,6.28
mol_1215,CHEMBL57639,O=C1Nc2ccc(Br)cc2/C1=C/c1[nH]cc2c1CCNC2=O,530.0,6.28
mol_1216,CHEMBL2042042,C[C@@H](/C=C\C(F)(F)F)Oc1cc(-c2cc(-c3cc(CN(C)C)cs3)cnc2N)ccc1C(N)=O,530.0,6.28
mol_1217,CHEMBL2158865,CNC(=O)Nc1ccc(-c2cc(-c3ccnc(Nc4ccc(Cl)c(S(=O)(=O)N(C)C)c4)n3)ccn2)cc1,520.0,6.28
mol_1218,CHEMBL509772,CC(C)(C)c1cnc(CSc2cnc(NC3CCNCC3)s2)o1,538.0,6.27
mol_1219,CHEMBL254895,Cc1ccc(Sc2cnc(Nc3cccc(Br)n3)s2)cc1C(=O)N1CCN(C(=O)CN)CC1,540.0,6.27
mol_1220,CHEMBL3965161,COc1cc(F)ccc1-c1nc(Nc2cccc(CS(C)(=N)=O)c2)ncc1F,540.0,6.27
mol_1221,CHEMBL5436647,COc1ccc(Cc2nnc(N3CCN(C(=S)Nc4ccc(Cl)cc4)CC3)c3ccccc23)cc1,533.56,6.27
mol_1222,CHEMBL289422,O=C1NC(=O)c2c1c1c3ccccc3n3c1c1c2c2ccccc2n1[C@H]1CC[C@@H]3O1,540.0,6.27
mol_1223,CHEMBL392614,CCNC(=O)N1CCC[C@H](Nc2ncc(Cl)c(-c3c[nH]c4ccccc34)n2)C1,555.0,6.26
mol_1224,CHEMBL3822943,CCOc1nn(C2CCN(C(C)=O)CC2)cc1Nc1ncc(Cl)c(-c2cnn3ccccc23)n1,545.0,6.26
mol_1225,CHEMBL2348159,Nc1nccc(-n2cc(-c3cc[nH]n3)c3cnccc32)n1,550.0,6.26
mol_1226,CHEMBL245535,CC(=O)NCC(=O)N1CCC(Nc2ncc(Cl)c(-c3c[nH]c4ccccc34)n2)CC1,551.0,6.26
mol_1227,CHEMBL5270227,N[C@H](Cc1ccccc1)C(=O)Nc1cncc(-c2ccc3[nH]nc(NC(=O)c4ccccc4)c3c2)c1,550.0,6.26
mol_1228,CHEMBL489833,Cn1cc(C2=C(c3coc4cc(CO)ccc34)C(=O)NC2=O)c2cc(Br)ccc21,550.0,6.26
mol_1229,CHEMBL186952,Nc1nc2ccc(C(=O)c3c(F)cccc3F)cn2c1C(=O)c1cccs1,547.0,6.26
mol_1230,CHEMBL1234085,CNS(=O)(=O)c1ccc(N/C=C2\C(=O)Nc3ccccc32)cc1,560.0,6.25
mol_1231,CHEMBL2158011,CCN(CC)S(=O)(=O)c1cccc(Nc2nccc(-c3ccnc(-c4ccc(NC(=O)NC)cc4)c3)n2)c1,560.0,6.25
mol_1232,CHEMBL5762588,Cc1nc2c(F)cc(-c3nc(Nc4ccc5c(n4)CCN(CC(C)(C)N)C5)ncc3F)cc2n1C1CC1,567.0,6.25
mol_1233,CHEMBL5848732,Cc1nc2c(F)cc(-c3nc(Nc4ncc5c(n4)CCNC5)ncc3F)cc2n1C(C)C,558.0,6.25
mol_1234,CHEMBL3934755,CCOC(=O)N=S(C)(=O)Cc1cc(F)cc(Nc2ncc(F)c(-c3ccc(F)cc3OC)n2)c1,560.0,6.25
mol_1235,CHEMBL396614,N=C1NC(=O)/C(=C/c2ccc(-c3ccc(S(N)(=O)=O)c(Cl)c3)o2)S1,570.0,6.24
mol_1236,CHEMBL5280467,O=C(Nc1n[nH]c2ccc(-c3cncc(NC[C@H](CO)c4ccccc4)c3)cc12)c1ccccc1,577.0,6.24
mol_1237,CHEMBL5559108,CC[C@H](CO)Nc1nc(NCc2ccc(NC(=O)C3(F)CC3)cc2)n2ncc(C(C)C)c2n1,571.5,6.24
mol_1238,CHEMBL563150,Cn1nc(C(=O)Nc2ccccc2)c2c1-c1nc(Nc3ccccc3)ncc1CC2,574.0,6.24
mol_1239,CHEMBL4527978,CC/C=N/c1c(C#N)c2n(c1C(=O)Nc1ccccc1)CCC2,580.0,6.24
mol_1240,CHEMBL3655776,CC(C)n1cnc2c(NCc3cccnc3)nc(NCC(O)C(F)(F)F)nc21,570.0,6.24
mol_1241,CHEMBL553906,Cc1nnc2sc(-c3ccc(N)cc3)nn12,570.0,6.24
mol_1242,CHEMBL233554,CN(C)CCNS(=O)(=O)c1ccc(-c2ccc(/C=C3\SC(=N)NC3=O)o2)cc1,570.0,6.24
mol_1243,CHEMBL3421962,CN1CCN(c2ccc(Nc3cc(-c4c[nH]c5cnccc45)ncn3)cc2)CC1,577.0,6.24
mol_1244,CHEMBL3896827,CC1CN(c2ccc(Nc3ncc4cc5n(c4n3)C3(CCCCC3)CNC5=O)nc2)CC(C)N1CC1CC1,570.0,6.24
mol_1245,CHEMBL2442291,Cc1nnc(-c2cccc(-c3cnn4ccc(NCCN)nc34)c2)o1,580.0,6.24
mol_1246,CHEMBL5570663,Cn1cc(S(=O)(=O)N2CCC(Nc3ncc(C(F)(F)F)c(-c4cnn(CC(F)(F)F)c4)n3)CC2)cn1,585.0,6.23
mol_1247,CHEMBL5641843,Cc1nn2c(-c3ccc(Br)cc3)ccnc2c1/C(N)=N/O,590.0,6.23
mol_1248,CHEMBL507249,O[C@H]1CC[C@H](c2n[nH]cc2-c2ccnc(NC3CCCC3)n2)CC1,590.0,6.23
mol_1249,CHEMBL278894,CC(C)(C)Nc1nc(C(F)(F)F)nc2ccc(-c3cccc(N)c3)cc12,600.0,6.22
mol_1250,CHEMBL420135,COc1cccc(C(=O)Nc2cc(C3CC3)[nH]n2)c1,600.0,6.22
mol_1251,CHEMBL3884319,CC1(C)C(=O)N([C@H]2CCc3c(O)cccc32)c2nc(Nc3ccccc3)ncc21,605.0,6.22
mol_1252,CHEMBL1242833,CC(C)(C)Nc1nc(C(F)(F)F)nc2ccc(Nc3ccccc3)cc12,600.0,6.22
mol_1253,CHEMBL1081629,Cc1cc2cc(-c3nnc(NC[C@@H](N)Cc4ccc(C(F)(F)F)cc4)s3)ccc2cn1,607.0,6.22
mol_1254,CHEMBL397531,CCNC(=O)N1CCC(Nc2ncc(Cl)c(-c3cnc4ccccn34)n2)CC1,605.0,6.22
mol_1255,CHEMBL188673,COc1ccccc1C(=O)c1ccc2nc(N)c(C(=O)c3c(F)cccc3F)n2c1,603.0,6.22
mol_1256,CHEMBL418985,CS(=O)(=O)Nc1ccc(Nc2cc(-c3cccc(Br)c3)[nH]n2)cc1,602.0,6.22
mol_1257,CHEMBL5269885,C=CC(=O)Nc1ccc(C(=O)Nc2n[nH]c3ccc(-c4cncc(N[C@H](CO)Cc5ccccc5)c4)cc23)cc1,595.0,6.22
mol_1258,CHEMBL3621496,CN1CCN(C(=O)c2ccc3c(c2)[nH]c2c(C(N)=O)ccc(-c4ccccc4F)c23)CC1,610.0,6.21
mol_1259,CHEMBL4297488,CC(C)c1cnn2c(NCc3ccccc3)cc(NC[C@H]3CCNC[C@@H]3O)nc12,620.0,6.21
mol_1260,CHEMBL233970,N=C1NC(=O)/C(=C/c2ccc(-c3ccc(S(N)(=O)=O)c(C(F)(F)F)c3)o2)S1,610.0,6.21
mol_1261,CHEMBL3955667,C[C@H](O)CN1CCN(c2ccc(Nc3ncc4cc5n(c4n3)C3(CCCCC3)CNC5=O)nc2)C[C@@H]1C,616.0,6.21
mol_1262,CHEMBL392615,CNC(=O)CN1CCC[C@@H](Nc2ncc(Cl)c(-c3c[nH]c4ccccc34)n2)C1,612.0,6.21
mol_1263,CHEMBL73645,Cc1nc2ccccn2c1-c1ccnc(Nc2ccc(Cl)cc2)n1,620.0,6.21
mol_1264,CHEMBL3642653,N#Cc1cnn2c(NCc3ccncc3)cc(-c3ccccc3)nc12,620.0,6.21
mol_1265,CHEMBL5426122,S=C(Nc1cccc(Cl)c1)N1CCN(c2nnc(Cc3ccccc3)c3ccccc23)CC1,621.93,6.21
mol_1266,CHEMBL5283549,O=C(Nc1n[nH]c2ccc(-c3cncc(NC[C@@H](CO)Cc4ccccc4)c3)cc12)c1ccccc1,609.0,6.21
mol_1267,CHEMBL1957102,COc1ccc(-c2ocnc2C(=O)NCc2ccnc(Cl)c2)cc1Cl,630.96,6.2
mol_1268,CHEMBL3984385,COc1cc(F)ccc1-c1nc(Nc2cc(CS(C)(=O)=NC#N)cc(C(F)(F)C(F)(F)F)c2)ncc1F,630.0,6.2
mol_1269,CHEMBL4471323,CCC1SCC(=O)N1c1c(C#N)c2n(c1C(=O)Nc1ccccc1)CCC2,630.0,6.2
mol_1270,CHEMBL2207198,O=C(NCCCNc1nc(Nc2ccc(N3CCOCC3)cc2)ncc1C1CC1)C1CCC1,630.0,6.2
mol_1271,CHEMBL3967732,O=C1NCC2(CCCCC2)n2c1cc1cnc(Nc3ccc(N4CCN(C5CCC5)CC4)cn3)nc12,628.0,6.2
mol_1272,CHEMBL115047,CCc1cc(NC(=O)c2ccc(Br)cc2)n[nH]1,630.0,6.2
mol_1273,CHEMBL421207,O=C(Nc1n[nH]c2cc(-c3ccco3)ccc12)C1CC1,631.0,6.2
mol_1274,CHEMBL232123,Cc1cc(N)c2oc(-c3ccc(O)c(O)c3)c(O)c(=O)c2c1,630.0,6.2
mol_1275,CHEMBL1957226,COc1cc(CNC(=O)c2ncoc2-c2ccc(OC)c(Cl)c2)ccn1,630.96,6.2
mol_1276,CHEMBL6007400,Cc1nc2c(F)cc(-c3nc(Nc4ccc5c(n4)CCN(C[C@@H](C)N(C)C)C5)ncc3F)cc2n1C1CC1,647.0,6.19
mol_1277,CHEMBL114432,CCCc1cc(NC(=O)c2ccc(Br)cc2)n[nH]1,650.0,6.19
mol_1278,CHEMBL232737,Cc1cc(N2CCN(C)CC2)c2oc(-c3ccc(O)c(O)c3)c(O)c(=O)c2c1,640.0,6.19
mol_1279,CHEMBL260231,O=C(Nc1n[nH]c2nc(-c3cccs3)c(Br)cc12)C1CC1,639.0,6.19
mol_1280,CHEMBL3934575,CC1CN(c2ccc(Nc3ncc4cc5n(c4n3)C3(CCCCC3)CNC5=O)nc2)CCN1CCC(C)(C)C,646.0,6.19
mol_1281,CHEMBL5199259,[2H]C([2H])([2H])NS(=O)(=O)c1ccc(Nc2ncc3c(n2)N([C@@H]2CCC[C@@H](O)C2)C(=O)C32CC2)cc1,642.0,6.19
mol_1282,CHEMBL6191482,CCN(/C=C/c1nc(Nc2ccccc2)nc2[nH]cnc12)CC,650.0,6.19
mol_1283,CHEMBL5787921,CN[C@H](C)C(=O)N1CCc2nc(Nc3ncc(F)c(-c4cc(F)c5nc(C)n(C6CC6)c5c4)n3)ccc2C1,661.0,6.18
mol_1284,CHEMBL455946,NS(=O)(=O)c1ccc(NC(=O)c2n[nH]c3ccccc23)cc1,660.0,6.18
mol_1285,CHEMBL1234089,N=C(N)NS(=O)(=O)c1ccc(N/C=C2\C(=O)Nc3ccccc32)cc1,660.0,6.18
mol_1286,CHEMBL1823655,O=C(N[C@@H](c1ccc(Cl)c(Cl)c1)C1CNC1)c1ccc2cnccc2c1,680.0,6.17
mol_1287,CHEMBL4446626,Cc1nc2c(F)cc(-c3nc(Nc4ccc5c(n4)CCN(CCN(C)C)C5)ncc3F)cc2n1C1CCCC1,670.0,6.17
mol_1288,CHEMBL74680,Clc1cccc(Nc2nccc(-n3cnc4ccccc43)n2)c1,680.0,6.17
mol_1289,CHEMBL2035048,C1=C/COCc2ccc(o2)-c2ccnc(n2)Nc2cccc(c2)COC/1,680.0,6.17
mol_1290,CHEMBL5179962,CNS(=O)(=O)c1ccc(Nc2ncc3c(n2)N([C@@H]2CCC[C@@H](O)C2)C(=O)C32CC2)cc1,670.0,6.17
mol_1291,CHEMBL460746,O=C(NC(=S)Nc1ccc(O)c(-c2nc3ccccc3s2)c1)c1ccc([N+](=O)[O-])cc1,700.0,6.16
mol_1292,CHEMBL269850,NS(=O)(=O)c1ccc(N/C=C2\C(=O)Nc3ccccc32)cc1,690.0,6.16
mol_1293,CHEMBL133342,CC[C@@H](CO)Nc1nc(NCc2ccccc2)c2ncn(C(C)C)c2n1,700.0,6.16
mol_1294,CHEMBL4455210,Cc1nc2c(F)cc(-c3nc(Nc4ccc5c(n4)CCN(CCN(C)C)C5)ncc3F)cc2n1C1CC1,700.0,6.16
mol_1295,CHEMBL14762,CC[C@H](CO)Nc1nc(NCc2ccccc2)c2ncn(C(C)C)c2n1,700.0,6.16
mol_1296,CHEMBL477863,CCCOc1ccc(CN/C=C2\C(=O)NC(=O)c3ccc(I)cc32)nc1O,700.0,6.16
mol_1297,CHEMBL5633539,NC(=O)c1cccc2[nH]c(NC(=O)c3cccc(C(=O)N4CCC(Nc5ncc(I)cn5)CC4)c3)nc12,689.4,6.16
mol_1298,CHEMBL3823030,Cc1nn(C2CCN(C(=O)[C@@H](C)O)CC2)c(C)c1Nc1ncc(Cl)c(-c2cnn3ccccc23)n1,700.0,6.16
mol_1299,CHEMBL5505818,CCC(=O)Nc1ccc(CNc2nc(O[C@H]3CCCNC3)nc3c(C(C)C)cnn23)cc1,697.6,6.16
mol_1300,CHEMBL6056335,CN(C)C/C=C/C(=O)Nc1ccc(S(=O)(=O)N2CCC[C@@H](Nc3ncc(SCc4ncc(C(C)(C)C)o4)s3)C2)cc1,689.0,6.16
mol_1301,CHEMBL507536,CC(C)(C)c1cnc(CSc2cnc(N)s2)o1,690.0,6.16
mol_1302,CHEMBL4744850,CN(C)C/C=C/C(=O)Nc1ccc(S(=O)(=O)N2CCCC(Nc3ncc(SCc4ncc(C(C)(C)C)o4)s3)C2)cc1,689.0,6.16
mol_1303,CHEMBL1922121,CC[C@@H](Nc1nc(NCc2cccnc2)c2ncn(C(C)C)c2n1)C(O)C(C)C,690.0,6.16
mol_1304,CHEMBL430507,CN(C)CC(O)COc1ccc(Nc2nccc(N(CC#N)c3cc(Cl)ccc3Cl)n2)cc1,700.0,6.16
mol_1305,CHEMBL2163984,Fc1ccc(Nc2cc(NC3CCCNC3)nc3ccnn23)cc1Cl,700.0,6.16
mol_1306,CHEMBL5573816,CS(=O)(=O)N1CCC(Nc2ncc(C(F)(F)F)c(-c3cnn(CC(F)(F)F)c3)n2)CC1,709.0,6.15
mol_1307,CHEMBL5542710,CC(=O)Nc1ccc(CNc2nc(NC3CCOCC3)nc3c(C(C)C)cnn23)cc1,712.75,6.15
mol_1308,CHEMBL3656841,COC[C@@H](C)N[C@H]1CC[C@H](Nc2cc(-c3cccc(NCC4(C#N)CCOCC4)n3)c(Cl)cn2)CC1,706.0,6.15
mol_1309,CHEMBL111897,COc1ccc(C(=O)Nc2cc(C3CC3)[nH]n2)cc1,704.69,6.15
mol_1310,CHEMBL5999796,Cc1nc2c(F)cc(-c3nc(Nc4ccc5c(n4)CCN(C(C)C)C5)ncc3F)cc2n1C1CC1,710.0,6.15
mol_1311,CHEMBL1760035,COc1cc(Nc2nccc(Nc3cnc4ccccc4c3)n2)cc(OC)c1OC,711.0,6.15
mol_1312,CHEMBL5573253,CN1CCC(n2cc(-c3nc(NC4CCN(S(C)(=O)=O)CC4)ncc3C(F)(F)F)cn2)CC1,708.0,6.15
mol_1313,CHEMBL5639303,COc1ccc(-c2ccnc3c(-c4noc(C)n4)c(C)nn23)cc1,710.0,6.15
mol_1314,CHEMBL2035055,CN1C/C=C/COCc2ccc(s2)-c2ccnc(n2)Nc2ccc(OCCN3CCCC3)c(c2)C1,710.0,6.15
mol_1315,CHEMBL5542095,CC(=O)Nc1ccc(CNc2nc(NC(CO)CO)nc3c(C(C)C)cnn23)cc1,708.9,6.15
mol_1316,CHEMBL443198,O=C(CO)Nc1c[nH]nc1C(=O)Nc1ccc(F)cc1,730.0,6.14
mol_1317,CHEMBL2436977,CN1CCN(Cc2ccc(-c3cnc4[nH]cc(-c5cnc6[nH]ccc6c5)c4c3)cc2)CC1,720.0,6.14
mol_1318,CHEMBL5414410,O=C(Nc1ccc(Cl)c(C(F)(F)F)c1)N1CCN(c2nnc(Cc3ccccc3)c3ccccc23)CC1,722.27,6.14
mol_1319,CHEMBL203569,NS(=O)(=O)c1ccc(Nc2cc(NC3CCCCC3)nc3ncnn23)cc1,730.0,6.14
mol_1320,CHEMBL5591779,CC(=O)N[C@H]1CC[C@H](c2ncc(Cl)c(Nc3ccccc3S(=O)(=O)C(C)C)n2)CC1,734.55,6.13
mol_1321,CHEMBL5190067,[2H]C([2H])([2H])NS(=O)(=O)c1ccc(Nc2ncc3c(n2)N([C@@H]2CCC[C@@]2(C)O)C(=O)C32CC2)cc1,746.0,6.13
mol_1322,CHEMBL5273413,C=CC(=O)Nc1ccc(C(=O)Nc2n[nH]c3ccc(-c4cncc(N[C@H](CO)c5ccccc5)c4)cc23)cc1,756.0,6.12
mol_1323,CHEMBL3916385,CCN(CC)C1CCN(c2ccc(Nc3ncc4cc5n(c4n3)C3(CCCCC3)CNC5=O)nc2)CC1,755.0,6.12
mol_1324,CHEMBL448316,O=C(NC1CCNCC1)c1n[nH]cc1NC(=O)c1c(F)cc(F)cc1F,750.0,6.12
mol_1325,CHEMBL5505745,CCC(=O)Nc1ccc(CNc2nc(NC3CCNCC3)nc3c(C(C)C)cnn23)cc1,757.4,6.12
mol_1326,CHEMBL3906489,CCOC(=O)N=S(C)(=O)Cc1cccc(Nc2ncc(F)c(-c3ccc(F)cc3OC)n2)c1,780.0,6.11
mol_1327,CHEMBL3655774,CC[C@H](Nc1nc(NCc2ncccc2C)c2ncn(C(C)C)c2n1)[C@@H](C)O,770.0,6.11
mol_1328,CHEMBL5177698,CNc1nc(C(=O)/C=C/c2ccc(OC)cc2)c(C)s1,780.0,6.11
mol_1329,CHEMBL3892881,CS(=N)(=O)Cc1cccc(Nc2ncc(F)c(-c3ccc(F)cc3OCc3ccc(F)cc3)n2)c1,770.0,6.11
mol_1330,CHEMBL5169515,C[C@@H]1CCC[C@H]1N1C(=O)C2(CC2)c2cnc(Nc3ccc(S(=O)(=O)NCCO)cc3)nc21,770.0,6.11
mol_1331,CHEMBL4538174,C[C@@H](NC(=O)Nc1cc2[nH]ncc2c(CO)n1)c1ccccc1,790.0,6.1
mol_1332,CHEMBL1800218,Nc1nccc(-c2cc(N3CCOCC3)ccc2O)n1,790.0,6.1
mol_1333,CHEMBL1957085,COc1ccc(-c2ocnc2C(=O)NCc2ccncc2)cc1,794.33,6.1
mol_1334,CHEMBL5555640,CCC(=O)Nc1ccc(CNc2nc(NC3CCN(C)CC3)nc3c(C(C)C)cnn23)cc1,793.2,6.1
mol_1335,CHEMBL3109955,Clc1ccccc1Nc1cc2[nH]c(-c3cn[nH]c3)cc2cn1,800.0,6.1
mol_1336,CHEMBL5276424,O=C(Nc1n[nH]c2ccc(-c3cncc(NC[C@@H](O)c4ccccc4)c3)cc12)c1ccccc1,802.0,6.1
mol_1337,CHEMBL3897592,C[C@@H](O)CN1CCN(c2ccc(Nc3ncc4cc5n(c4n3)C3(CCCC3)CNC5=O)nc2)C[C@@H]1C,789.0,6.1
mol_1338,CHEMBL83980,CC(C)n1cnc2c(NCc3ccccc3)nc(NCCCO)nc21,800.0,6.1
mol_1339,CHEMBL551258,Clc1ccc(OCc2nnc3sc(SSc4nn5c(COc6ccc(Cl)cc6)nnc5s4)nn23)cc1,820.0,6.09
mol_1340,CHEMBL5527848,CC(C)c1cnn2c(NCc3ccc(NC(=O)C4(F)CC4)cc3)nc(NC3CCOCC3)nc12,805.8,6.09
mol_1341,CHEMBL5268968,O=C(Nc1n[nH]c2ccc(-c3cncc(NC[C@@H](CO)c4ccccc4)c3)cc12)c1ccccc1,813.0,6.09
mol_1342,CHEMBL3298311,C[C@@H](CO)Nc1ncc2c(n1)CN(C(=O)N[C@H](C)c1ccc(C(F)(F)F)c(F)c1)CC2,821.0,6.09
mol_1343,CHEMBL186396,CN1CCN(CCOc2cc(F)c(C(=O)c3c(N)nc4ccc(C(=O)c5c(Cl)cccc5Cl)cn34)c(F)c2)CC1,812.0,6.09
mol_1344,CHEMBL5089164,Cn1ccc2cc(Nc3ncc(C(F)(F)F)c(N[C@H]4CC[C@@H](N)CC4)n3)ccc2c1=O,830.15,6.08
mol_1345,CHEMBL5092606,CN(C)C(=O)c1ccc(Nc2ncc(C(F)(F)F)c(N[C@H]3CC[C@@H](N)CC3)n2)cc1,834.9,6.08
mol_1346,CHEMBL5569109,CS(=O)(=O)N1CCC(Nc2ncc(C(F)(F)F)c(-c3cnn(-c4ccccc4Cl)c3)n2)CC1,823.0,6.08
mol_1347,CHEMBL5288241,C=CC(=O)Nc1ccc(C(=O)Nc2n[nH]c3ccc(-c4cncc(NC[C@@H](O)c5ccccc5)c4)cc23)cc1,823.0,6.08
mol_1348,CHEMBL3655766,CC[C@H](Nc1nc(NCc2cccnc2)c2ncn(CC3CC3)c2n1)[C@@H](C)O,830.0,6.08
mol_1349,CHEMBL3822962,CCc1c(Nc2ncc(Cl)c(-c3cnn4ccccc34)n2)cnn1C1CCN(C(C)=O)CC1,832.0,6.08
mol_1350,CHEMBL5401267,CS(=O)(=O)N1CCc2cc(Nc3ncc(C(F)(F)F)c(NCCCN)n3)ccc2C1,833.5,6.08
mol_1351,CHEMBL5416999,COc1ccc2cc1COC/C=C/COCc1cccc(c1)-c1ccnc(n1)N2,860.0,6.07
mol_1352,CHEMBL1630110,O=C(/C=C/c1ccc(-c2ccc3ncnc(Nc4ccc(OCc5cccc(F)c5)c(Cl)c4)c3c2)cc1)NO,850.0,6.07
mol_1353,CHEMBL3927078,CS(=N)(=O)Cc1cccc(Nc2ncc(F)c(-c3ccc(F)cc3OCc3ccccc3)n2)c1,850.0,6.07
mol_1354,CHEMBL5196783,CCCn1cc(/C=N/N=C2\C(=O)Nc3ccc(C)cc32)c2ccccc21,850.0,6.07
mol_1355,CHEMBL1630114,Nc1ccccc1NC(=O)/C=C/c1cccc(-c2ccc3ncnc(Nc4ccc(OCc5cccc(F)c5)c(Cl)c4)c3c2)c1,850.0,6.07
mol_1356,CHEMBL456163,CC(=O)Nc1c[nH]nc1C(=O)Nc1ccc(F)cc1,850.0,6.07
mol_1357,CHEMBL329040,NS(=O)(=O)c1cccc(Nc2cc(-c3ccc(F)cc3)n[nH]2)c1,871.0,6.06
mol_1358,CHEMBL489245,COc1ccc(CN/C=C2\C(=O)NC(=O)c3ccc(I)cc32)cc1O,870.0,6.06
mol_1359,CHEMBL315837,CC(C)n1cnc2c(NC3CCCC3)nc(NCCCO)nc21,900.0,6.05
mol_1360,CHEMBL1801932,CC(C)c1cnn2c(NCc3ccccc3)cc(NCCCCCCN)nc12,900.0,6.05
mol_1361,CHEMBL189440,N#C/C=C(\c1ccc2nc(N)c(C(=O)c3c(F)cccc3F)n2c1)c1c(F)cccc1F,896.0,6.05
mol_1362,CHEMBL1630109,O=C(/C=C/c1cccc(-c2ccc3ncnc(Nc4ccc(OCc5cccc(F)c5)c(Cl)c4)c3c2)c1)NO,920.0,6.04
mol_1363,CHEMBL3673435,COc1cc(F)ccc1-c1ccnc(NC(=O)C2CCC(NC(C)=O)C2)c1,913.0,6.04
mol_1364,CHEMBL5286683,C=CC(=O)Nc1ccc(C(=O)Nc2n[nH]c3ccc(-c4cncc(NC[C@H](O)c5ccccc5)c4)cc23)cc1,918.0,6.04
mol_1365,CHEMBL5434594,Cc1ccc2c(CCNc3ccc([N+](=O)[O-])cc3C(=O)O)cn(C)c2c1,920.0,6.04
mol_1366,CHEMBL3651854,Cc1cc(Nc2nc(Nc3ccccc3S(=O)(=O)C(C)C)c3c(C)[nH]nc3n2)c(OC(C)C)cc1C1CCN(C)CC1,920.0,6.04
mol_1367,CHEMBL3918318,C[C@H]1CN(c2ccc(Nc3ncc4cc5n(c4n3)C3(CCCCC3)CNC5=O)nc2)CCN1,915.0,6.04
mol_1368,CHEMBL1800461,Nc1nc(-c2cc(N3C[C@H](O)[C@@H](O)C3)ccc2O)cc(N2CCOCC2)n1,940.0,6.03
mol_1369,CHEMBL3896841,CC(C)(O)CN1CCN(c2ccc(Nc3ncc4cc5n(c4n3)C3(CCCC3)CNC5=O)nc2)CC1,943.0,6.03
mol_1370,CHEMBL6148270,c1cc(-c2cnn(CC3CC3)c2)c2cc(C3CCNCC3)[nH]c2n1,932.7,6.03
mol_1371,CHEMBL5413829,O=C(O)c1cc(OC(F)(F)F)ccc1NCCc1c[nH]c2ccccc12,940.0,6.03
mol_1372,CHEMBL193287,N[C@H](C(=O)Nc1cc(C2CC2)[nH]n1)c1ccccc1,960.0,6.02
mol_1373,CHEMBL515631,CCCOc1cnc(CN/C=C2\C(=O)NC(=O)c3ccc(C(C)(C)C)cc32)cc1O,960.0,6.02
mol_1374,CHEMBL187969,CN(C)CCOc1cc(F)c(C(=O)c2c(N)nc3ccc(C(=O)c4c(Cl)cccc4Cl)cn23)c(F)c1,984.0,6.01
mol_1375,CHEMBL3125732,COc1ccc(-c2nc3cc(-c4csc(C(N)=O)c4)cnc3[nH]2)cc1,984.0,6.01
mol_1376,CHEMBL3109953,COc1ccccc1Nc1cc2[nH]c(-c3cn[nH]c3)cc2cn1,970.0,6.01
mol_1377,CHEMBL3972093,CC1CN(c2ccc(Nc3ncc4cc5n(c4n3)C3(CCCC3)CNC5=O)nc2)CCN1CC1CC1,1010.0,6.0
mol_1378,CHEMBL3906916,C[C@@H]1CN(c2ccc(Nc3ncc4cc5n(c4n3)C3(CCCCC3)CNC5=O)nc2)C[C@H](C)N1,1010.0,6.0
mol_1379,CHEMBL333382,O=C(Nc1cc(C2CCCCC2)[nH]n1)c1ccc(Br)cc1,1000.0,6.0
mol_1380,CHEMBL122264,c1ccc(Nc2nc(OCC3CCCCC3)c3[nH]cnc3n2)cc1,1000.0,6.0
mol_1381,CHEMBL1964248,CN(C)CCNS(=O)(=O)c1ccc(N/C=C2\C(=O)Nc3ccccc32)cc1,1000.0,6.0
mol_1382,CHEMBL4097778,CN1C(=O)[C@@H](N2CCc3cn(CC4CCS(=O)(=O)CC4)nc3C2=O)COc2ccccc21,1000.0,6.0
mol_1383,CHEMBL101311,CN(C)CC(O)COc1ccc(Nc2nccc(Nc3cc(Cl)ccc3Cl)n2)cc1,1000.0,6.0
mol_1384,CHEMBL3961115,CCOCCN1CCN(c2ccc(Nc3ncc4cc5n(c4n3)C3(CCCC3)CNC5=O)nc2)CC1,990.0,6.0
mol_1385,CHEMBL127907,COc1cc2ncnc(Nc3cccc(O)c3)c2cc1OC,1000.0,6.0
mol_1386,CHEMBL1922122,CC[C@@H](Nc1nc(NCc2cccnc2)c2ncn(C(C)C)c2n1)C(O)C(C)(C)C,1000.0,6.0
mol_1387,CHEMBL4549667,CN1C(=O)[C@@H](N2CCc3c(nn(Cc4ccccc4)c3Br)C2=O)COc2ccccc21,1000.0,6.0
mol_1388,CHEMBL191845,O=C1NC2C=CC=CC2/C1=C/Nc1ccc(S(=O)(=O)Nc2nccs2)cc1,1000.0,6.0
mol_1389,CHEMBL4439321,COc1cc(F)ccc1-c1ncnc(Nc2cccc(C[S@](C)(=N)=O)c2)n1,1000.0,6.0
mol_1390,CHEMBL340259,O=C1NC(=O)C2=C1c1cn(c3ccccc13)CCOCCOCCOCCn1cc2c2ccccc21,992.0,6.0
mol_1391,CHEMBL4088216,CN1C(=O)[C@@H](N2CCc3cn(Cc4ccccc4)nc3C2=O)COc2ccccc21,1000.0,6.0
mol_1392,CHEMBL4073198,COCCn1cc(NC(=O)c2csc(-c3nncn3C(C)C)n2)cn1,1000.0,6.0
mol_1393,CHEMBL504155,CC(=O)Nc1c[nH]nc1-c1nc2ccccc2[nH]1,990.0,6.0
mol_1394,CHEMBL326310,O=C(Nc1cc(C2CC2)[nH]n1)c1cccc(Cl)c1,1000.0,6.0
mol_1395,CHEMBL114577,O=C(Nc1cc(C2CC2)[nH]n1)c1cccc(Br)c1,990.0,6.0
mol_1396,CHEMBL446024,FC(F)(F)CNc1nccc(-c2cnn3ncccc23)n1,1000.0,6.0
mol_1397,CHEMBL5589612,CO[C@@]1(C)[C@H](O)C(=O)C(C)=C2OC(=O)c3c(C)cc(O)c(C)c3O[C@@H]21,1000.0,6.0
mol_1398,CHEMBL101810,CN(C)CC(O)COc1ccc(Nc2nccc(Nc3cc(C(F)(F)F)ccc3F)n2)cc1,1000.0,6.0
mol_1399,CHEMBL101119,CN(C)CC(O)COc1ccc(Nc2cc(N(CC#N)c3cc(Cl)ccc3Cl)ncn2)cc1,1000.0,6.0
mol_1400,CHEMBL1234088,O=C1Nc2ccccc2/C1=C/Nc1ccc(S(=O)(=O)Nc2nccs2)cc1,1000.0,6.0
mol_1401,CHEMBL5283398,CN(C)CCCNC(=O)Cc1cccc(Nc2nc(OCC3CCCCC3)c3nc[nH]c3n2)c1,1000.0,6.0
mol_1402,CHEMBL513330,Clc1ccc(CNc2nccc(-c3cnn4ncccc34)n2)cc1,1000.0,6.0
